[0.000000] (-) TimerEvent: {}
[0.000129] (ros1_bridge) JobQueued: {'identifier': 'ros1_bridge', 'dependencies': OrderedDict()}
[0.000283] (ros1_bridge) JobStarted: {'identifier': 'ros1_bridge'}
[0.009054] (ros1_bridge) JobProgress: {'identifier': 'ros1_bridge', 'progress': 'cmake'}
[0.009514] (ros1_bridge) Command: {'cmd': ['/usr/bin/cmake', '/ros-humble-ros1-bridge/src/ros1_bridge', '-DCMAKE_BUILD_TYPE=Release', '-DCMAKE_INSTALL_PREFIX=/ros-humble-ros1-bridge/install/ros1_bridge'], 'cwd': '/ros-humble-ros1-bridge/build/ros1_bridge', 'env': OrderedDict([('ADD_ros_tutorials', '1'), ('ROS_PACKAGE_PATH', '/control_msgs_ros1/install/control_msgs/share:/ros_tutorials/install/ros_tutorials/share:/ros_tutorials/install/turtlesim/share:/ros_tutorials/install/rospy_tutorials/share:/ros_tutorials/install/roscpp_tutorials/share'), ('SHLVL', '1'), ('LD_LIBRARY_PATH', '/control_msgs_ros2/install/control_msgs/lib:/opt/ros/humble/opt/rviz_ogre_vendor/lib:/opt/ros/humble/lib/x86_64-linux-gnu:/opt/ros/humble/lib'), ('HOME', '/root'), ('OLDPWD', '/ros-humble-ros1-bridge/src/ros1_bridge'), ('ROS_PYTHON_VERSION', '3'), ('MAKEFLAGS', '-j 16'), ('COLCON_PREFIX_PATH', '/custom_action/install:/control_msgs_ros2/install:/control_msgs_ros1/install:/common_tutorials/install:/ros_tutorials/install'), ('ROS_DISTRO', 'humble'), ('ADD_octomap_msgs', '0'), ('_', '/usr/bin/colcon'), ('ROS_VERSION', '2'), ('PKG_CONFIG_PATH', '/control_msgs_ros1/install/control_msgs/lib/x86_64-linux-gnu/pkgconfig:/control_msgs_ros1/install/control_msgs/lib/pkgconfig:/ros_tutorials/install/ros_tutorials/lib/x86_64-linux-gnu/pkgconfig:/ros_tutorials/install/ros_tutorials/lib/pkgconfig:/ros_tutorials/install/turtlesim/lib/x86_64-linux-gnu/pkgconfig:/ros_tutorials/install/turtlesim/lib/pkgconfig:/ros_tutorials/install/rospy_tutorials/lib/x86_64-linux-gnu/pkgconfig:/ros_tutorials/install/rospy_tutorials/lib/pkgconfig:/ros_tutorials/install/roscpp_tutorials/lib/x86_64-linux-gnu/pkgconfig:/ros_tutorials/install/roscpp_tutorials/lib/pkgconfig'), ('ROS_LOCALHOST_ONLY', '0'), ('PATH', '/opt/ros/humble/bin:/usr/local/sbin:/usr/local/bin:/usr/sbin:/usr/bin:/sbin:/bin'), ('LANG', 'C.UTF-8'), ('AMENT_PREFIX_PATH', '/custom_action/install/bridge_mapping:/control_msgs_ros2/install/control_msgs:/opt/ros/humble'), ('ADD_grid_map', '0'), ('ADD_example_custom_msgs', '0'), ('ADD_custom_action_mapping', '1'), ('PWD', '/ros-humble-ros1-bridge/build/ros1_bridge'), ('LC_ALL', 'C.UTF-8'), ('PYTHONPATH', '/control_msgs_ros2/install/control_msgs/local/lib/python3.10/dist-packages:/control_msgs_ros1/install/control_msgs/lib/python3/dist-packages:/ros_tutorials/install/turtlesim/lib/python3/dist-packages:/ros_tutorials/install/rospy_tutorials/lib/python3/dist-packages:/ros_tutorials/install/roscpp_tutorials/lib/python3/dist-packages:/opt/ros/humble/lib/python3.10/site-packages:/opt/ros/humble/local/lib/python3.10/dist-packages'), ('COLCON', '1'), ('CMAKE_PREFIX_PATH', '/custom_action/install/bridge_mapping:/control_msgs_ros2/install/control_msgs:/opt/ros/humble:/control_msgs_ros1/install/control_msgs:/ros_tutorials/install/turtlesim:/ros_tutorials/install/rospy_tutorials:/ros_tutorials/install/roscpp_tutorials')]), 'shell': False}
[0.058500] (ros1_bridge) StdoutLine: {'line': b'-- The C compiler identification is GNU 11.4.0\n'}
[0.099903] (-) TimerEvent: {}
[0.101229] (ros1_bridge) StdoutLine: {'line': b'-- The CXX compiler identification is GNU 11.4.0\n'}
[0.107296] (ros1_bridge) StdoutLine: {'line': b'-- Detecting C compiler ABI info\n'}
[0.164811] (ros1_bridge) StdoutLine: {'line': b'-- Detecting C compiler ABI info - done\n'}
[0.169906] (ros1_bridge) StdoutLine: {'line': b'-- Check for working C compiler: /usr/bin/cc - skipped\n'}
[0.170157] (ros1_bridge) StdoutLine: {'line': b'-- Detecting C compile features\n'}
[0.170327] (ros1_bridge) StdoutLine: {'line': b'-- Detecting C compile features - done\n'}
[0.172674] (ros1_bridge) StdoutLine: {'line': b'-- Detecting CXX compiler ABI info\n'}
[0.200031] (-) TimerEvent: {}
[0.236101] (ros1_bridge) StdoutLine: {'line': b'-- Detecting CXX compiler ABI info - done\n'}
[0.241763] (ros1_bridge) StdoutLine: {'line': b'-- Check for working CXX compiler: /usr/bin/c++ - skipped\n'}
[0.241931] (ros1_bridge) StdoutLine: {'line': b'-- Detecting CXX compile features\n'}
[0.242212] (ros1_bridge) StdoutLine: {'line': b'-- Detecting CXX compile features - done\n'}
[0.242803] (ros1_bridge) StderrLine: {'line': b'Using ACTION_GOAL_RESPONSE_CB_CONST\n'}
[0.244907] (ros1_bridge) StdoutLine: {'line': b'-- Found rmw: 6.1.2 (/opt/ros/humble/share/rmw/cmake)\n'}
[0.300099] (-) TimerEvent: {}
[0.368542] (ros1_bridge) StdoutLine: {'line': b'-- Found Python3: /usr/bin/python3 (found version "3.10.12") found components: Interpreter \n'}
[0.400207] (-) TimerEvent: {}
[0.470770] (ros1_bridge) StdoutLine: {'line': b'-- Found rclcpp: 16.0.15 (/opt/ros/humble/share/rclcpp/cmake)\n'}
[0.494673] (ros1_bridge) StdoutLine: {'line': b'-- Found rosidl_generator_c: 3.1.7 (/opt/ros/humble/share/rosidl_generator_c/cmake)\n'}
[0.499710] (ros1_bridge) StdoutLine: {'line': b'-- Found rosidl_adapter: 3.1.7 (/opt/ros/humble/share/rosidl_adapter/cmake)\n'}
[0.500255] (-) TimerEvent: {}
[0.508375] (ros1_bridge) StdoutLine: {'line': b'-- Found rosidl_generator_cpp: 3.1.7 (/opt/ros/humble/share/rosidl_generator_cpp/cmake)\n'}
[0.520186] (ros1_bridge) StdoutLine: {'line': b'-- Using all available rosidl_typesupport_c: rosidl_typesupport_fastrtps_c;rosidl_typesupport_introspection_c\n'}
[0.544397] (ros1_bridge) StdoutLine: {'line': b'-- Using all available rosidl_typesupport_cpp: rosidl_typesupport_fastrtps_cpp;rosidl_typesupport_introspection_cpp\n'}
[0.586065] (ros1_bridge) StdoutLine: {'line': b'-- Found rmw_implementation_cmake: 6.1.2 (/opt/ros/humble/share/rmw_implementation_cmake/cmake)\n'}
[0.588647] (ros1_bridge) StdoutLine: {'line': b'-- Found rmw_fastrtps_cpp: 6.2.9 (/opt/ros/humble/share/rmw_fastrtps_cpp/cmake)\n'}
[0.600351] (-) TimerEvent: {}
[0.668102] (ros1_bridge) StdoutLine: {'line': b'-- Found OpenSSL: /usr/lib/x86_64-linux-gnu/libcrypto.so (found version "3.0.2")  \n'}
[0.692530] (ros1_bridge) StdoutLine: {'line': b'-- Found FastRTPS: /opt/ros/humble/include  \n'}
[0.700453] (-) TimerEvent: {}
[0.734682] (ros1_bridge) StdoutLine: {'line': b"-- Using RMW implementation 'rmw_fastrtps_cpp' as default\n"}
[0.744990] (ros1_bridge) StdoutLine: {'line': b'-- Looking for pthread.h\n'}
[0.800586] (-) TimerEvent: {}
[0.803224] (ros1_bridge) StdoutLine: {'line': b'-- Looking for pthread.h - found\n'}
[0.803451] (ros1_bridge) StdoutLine: {'line': b'-- Performing Test CMAKE_HAVE_LIBC_PTHREAD\n'}
[0.866184] (ros1_bridge) StdoutLine: {'line': b'-- Performing Test CMAKE_HAVE_LIBC_PTHREAD - Success\n'}
[0.866954] (ros1_bridge) StdoutLine: {'line': b'-- Found Threads: TRUE  \n'}
[0.900688] (-) TimerEvent: {}
[0.911006] (ros1_bridge) StdoutLine: {'line': b'-- Found rclcpp_action: 16.0.15 (/opt/ros/humble/share/rclcpp_action/cmake)\n'}
[0.943541] (ros1_bridge) StdoutLine: {'line': b'-- Found PkgConfig: /usr/bin/pkg-config (found version "0.29.2") \n'}
[0.947974] (ros1_bridge) StdoutLine: {'line': b"-- Checking for module 'roscpp'\n"}
[0.960422] (ros1_bridge) StdoutLine: {'line': b'--   Found roscpp, version 1.15.14\n'}
[0.999920] (ros1_bridge) StdoutLine: {'line': b"-- Checking for module 'std_msgs'\n"}
[1.000747] (-) TimerEvent: {}
[1.011403] (ros1_bridge) StdoutLine: {'line': b'--   Found std_msgs, version 0.5.13\n'}
[1.048531] (ros1_bridge) StdoutLine: {'line': b"-- Checking for module 'actionlib'\n"}
[1.060794] (ros1_bridge) StdoutLine: {'line': b'--   Found actionlib, version 1.13.2\n'}
[1.100964] (-) TimerEvent: {}
[1.201322] (-) TimerEvent: {}
[1.301667] (-) TimerEvent: {}
[1.402009] (-) TimerEvent: {}
[1.419489] (ros1_bridge) StdoutLine: {'line': b"-- Checking for module 'actionlib_msgs'\n"}
[1.431076] (ros1_bridge) StdoutLine: {'line': b'--   Found actionlib_msgs, version 1.13.1\n'}
[1.469698] (ros1_bridge) StdoutLine: {'line': b"-- Checking for module 'bond'\n"}
[1.481172] (ros1_bridge) StdoutLine: {'line': b'--   Found bond, version 1.8.6\n'}
[1.502109] (-) TimerEvent: {}
[1.516032] (ros1_bridge) StdoutLine: {'line': b"-- Checking for module 'control_msgs'\n"}
[1.527408] (ros1_bridge) StdoutLine: {'line': b'--   Found control_msgs, version 1.5.2\n'}
[1.568841] (ros1_bridge) StdoutLine: {'line': b"-- Checking for module 'diagnostic_msgs'\n"}
[1.580325] (ros1_bridge) StdoutLine: {'line': b'--   Found diagnostic_msgs, version 1.13.1\n'}
[1.602228] (-) TimerEvent: {}
[1.618683] (ros1_bridge) StdoutLine: {'line': b"-- Checking for module 'dynamic_reconfigure'\n"}
[1.630305] (ros1_bridge) StdoutLine: {'line': b'--   Found dynamic_reconfigure, version 1.7.2\n'}
[1.665660] (ros1_bridge) StdoutLine: {'line': b"-- Checking for module 'geometry_msgs'\n"}
[1.676509] (ros1_bridge) StdoutLine: {'line': b'--   Found geometry_msgs, version 1.13.1\n'}
[1.702340] (-) TimerEvent: {}
[1.714817] (ros1_bridge) StdoutLine: {'line': b"-- Checking for module 'map_msgs'\n"}
[1.725664] (ros1_bridge) StdoutLine: {'line': b'--   Found map_msgs, version 1.14.1\n'}
[1.764633] (ros1_bridge) StdoutLine: {'line': b"-- Checking for module 'move_base_msgs'\n"}
[1.775519] (ros1_bridge) StdoutLine: {'line': b'--   Found move_base_msgs, version 1.14.1\n'}
[1.802453] (-) TimerEvent: {}
[1.817552] (ros1_bridge) StdoutLine: {'line': b"-- Checking for module 'nav_msgs'\n"}
[1.829738] (ros1_bridge) StdoutLine: {'line': b'--   Found nav_msgs, version 1.13.1\n'}
[1.870323] (ros1_bridge) StdoutLine: {'line': b"-- Checking for module 'rosgraph_msgs'\n"}
[1.881276] (ros1_bridge) StdoutLine: {'line': b'--   Found rosgraph_msgs, version 1.11.3\n'}
[1.902573] (-) TimerEvent: {}
[1.919788] (ros1_bridge) StdoutLine: {'line': b"-- Checking for module 'rospy_tutorials'\n"}
[1.930436] (ros1_bridge) StdoutLine: {'line': b'--   Found rospy_tutorials, version 0.10.3\n'}
[1.966654] (ros1_bridge) StdoutLine: {'line': b"-- Checking for module 'sensor_msgs'\n"}
[1.977056] (ros1_bridge) StdoutLine: {'line': b'--   Found sensor_msgs, version 1.13.1\n'}
[2.002649] (-) TimerEvent: {}
[2.017228] (ros1_bridge) StdoutLine: {'line': b"-- Checking for module 'shape_msgs'\n"}
[2.030571] (ros1_bridge) StdoutLine: {'line': b'--   Found shape_msgs, version 1.13.1\n'}
[2.070218] (ros1_bridge) StdoutLine: {'line': b"-- Checking for module 'stereo_msgs'\n"}
[2.081854] (ros1_bridge) StdoutLine: {'line': b'--   Found stereo_msgs, version 1.13.1\n'}
[2.102754] (-) TimerEvent: {}
[2.119681] (ros1_bridge) StdoutLine: {'line': b"-- Checking for module 'tf'\n"}
[2.133577] (ros1_bridge) StdoutLine: {'line': b'--   Found tf, version 1.13.2\n'}
[2.186304] (ros1_bridge) StdoutLine: {'line': b"-- Checking for module 'tf2_msgs'\n"}
[2.198810] (ros1_bridge) StdoutLine: {'line': b'--   Found tf2_msgs, version 0.7.5\n'}
[2.202838] (-) TimerEvent: {}
[2.240651] (ros1_bridge) StdoutLine: {'line': b"-- Checking for module 'trajectory_msgs'\n"}
[2.252532] (ros1_bridge) StdoutLine: {'line': b'--   Found trajectory_msgs, version 1.13.1\n'}
[2.288630] (ros1_bridge) StdoutLine: {'line': b"-- Checking for module 'turtlesim'\n"}
[2.300330] (ros1_bridge) StdoutLine: {'line': b'--   Found turtlesim, version 0.10.3\n'}
[2.302866] (-) TimerEvent: {}
[2.337508] (ros1_bridge) StdoutLine: {'line': b"-- Checking for module 'visualization_msgs'\n"}
[2.349785] (ros1_bridge) StdoutLine: {'line': b'--   Found visualization_msgs, version 1.13.1\n'}
[2.385590] (ros1_bridge) StdoutLine: {'line': b"-- Checking for module 'roscpp_tutorials'\n"}
[2.397261] (ros1_bridge) StdoutLine: {'line': b'--   Found roscpp_tutorials, version 0.10.3\n'}
[2.402944] (-) TimerEvent: {}
[2.433450] (ros1_bridge) StdoutLine: {'line': b"-- Checking for module 'rviz'\n"}
[2.446634] (ros1_bridge) StdoutLine: {'line': b'--   Found rviz, version 1.14.14\n'}
[2.503068] (-) TimerEvent: {}
[2.524252] (ros1_bridge) StdoutLine: {'line': b"-- Checking for module 'std_srvs'\n"}
[2.536951] (ros1_bridge) StdoutLine: {'line': b'--   Found std_srvs, version 1.11.3\n'}
[2.572122] (ros1_bridge) StdoutLine: {'line': b"-- Checking for module 'topic_tools'\n"}
[2.582785] (ros1_bridge) StdoutLine: {'line': b'--   Found topic_tools, version 1.15.14\n'}
[2.603189] (-) TimerEvent: {}
[2.625274] (ros1_bridge) StdoutLine: {'line': b'-- Found ament_lint_auto: 0.12.14 (/opt/ros/humble/share/ament_lint_auto/cmake)\n'}
[2.627283] (ros1_bridge) StdoutLine: {'line': b'-- Found diagnostic_msgs: 4.9.0 (/opt/ros/humble/share/diagnostic_msgs/cmake)\n'}
[2.644936] (ros1_bridge) StdoutLine: {'line': b"-- Checking for module 'roslaunch'\n"}
[2.658182] (ros1_bridge) StdoutLine: {'line': b'--   Found roslaunch, version 1.15.14\n'}
[2.703282] (-) TimerEvent: {}
[2.796745] (ros1_bridge) StdoutLine: {'line': b'-- Found python_cmake_module: 0.10.0 (/opt/ros/humble/share/python_cmake_module/cmake)\n'}
[2.803362] (-) TimerEvent: {}
[2.813952] (ros1_bridge) StdoutLine: {'line': b'-- Found PythonInterp: /usr/bin/python3 (found suitable version "3.10.12", minimum required is "3.6") \n'}
[2.817529] (ros1_bridge) StdoutLine: {'line': b'-- Found PythonLibs: /usr/lib/x86_64-linux-gnu/libpython3.10.so (found suitable version "3.10.12", minimum required is "3.5") \n'}
[2.817655] (ros1_bridge) StdoutLine: {'line': b'-- Using PYTHON_EXECUTABLE: /usr/bin/python3\n'}
[2.817730] (ros1_bridge) StdoutLine: {'line': b'-- Using PYTHON_INCLUDE_DIRS: /usr/include/python3.10\n'}
[2.817815] (ros1_bridge) StdoutLine: {'line': b'-- Using PYTHON_LIBRARIES: /usr/lib/x86_64-linux-gnu/libpython3.10.so\n'}
[2.836701] (ros1_bridge) StdoutLine: {'line': b'-- Found PythonExtra: .so  \n'}
[2.890060] (ros1_bridge) StdoutLine: {'line': b"-- Found gtest sources under '/opt/ros/humble/src/gtest_vendor': C++ tests using 'Google Test' will be built\n"}
[2.903481] (-) TimerEvent: {}
[2.922088] (ros1_bridge) StdoutLine: {'line': b"-- Added test 'copyright' to check source files copyright and LICENSE\n"}
[2.928570] (ros1_bridge) StdoutLine: {'line': b"-- Added test 'cppcheck' to perform static code analysis on C / C++ code\n"}
[2.928840] (ros1_bridge) StdoutLine: {'line': b'-- Configured cppcheck include dirs: \n'}
[2.928925] (ros1_bridge) StdoutLine: {'line': b'-- Configured cppcheck exclude dirs and/or files: \n'}
[2.935824] (ros1_bridge) StdoutLine: {'line': b"-- Added test 'cpplint' to check C / C++ code against the Google style\n"}
[2.935943] (ros1_bridge) StdoutLine: {'line': b'-- Configured cpplint exclude dirs and/or files: \n'}
[2.936706] (ros1_bridge) StdoutLine: {'line': b"-- Added test 'flake8' to check Python code syntax and style conventions\n"}
[2.938309] (ros1_bridge) StdoutLine: {'line': b"-- Added test 'lint_cmake' to check CMake code style\n"}
[2.939233] (ros1_bridge) StdoutLine: {'line': b"-- Added test 'pep257' to check Python code against some of the docstring style conventions in PEP 257\n"}
[2.944348] (ros1_bridge) StdoutLine: {'line': b"-- Added test 'uncrustify' to check C / C++ code style\n"}
[2.944492] (ros1_bridge) StdoutLine: {'line': b'-- Configured uncrustify additional arguments: \n'}
[2.945463] (ros1_bridge) StdoutLine: {'line': b"-- Added test 'xmllint' to check XML markup files\n"}
[2.983735] (ros1_bridge) StdoutLine: {'line': b'-- Found control_msgs: 4.8.0 (/control_msgs_ros2/install/control_msgs/share/control_msgs/cmake)\n'}
[2.984133] (ros1_bridge) StdoutLine: {'line': b'-- Found action_msgs: 1.2.2 (/opt/ros/humble/share/action_msgs/cmake)\n'}
[2.996134] (ros1_bridge) StdoutLine: {'line': b'-- Found action_tutorials_interfaces: 0.20.6 (/opt/ros/humble/share/action_tutorials_interfaces/cmake)\n'}
[3.003522] (-) TimerEvent: {}
[3.007530] (ros1_bridge) StdoutLine: {'line': b'-- Found actionlib_msgs: 4.9.0 (/opt/ros/humble/share/actionlib_msgs/cmake)\n'}
[3.007701] (ros1_bridge) StdoutLine: {'line': b'-- Found builtin_interfaces: 1.2.2 (/opt/ros/humble/share/builtin_interfaces/cmake)\n'}
[3.018998] (ros1_bridge) StdoutLine: {'line': b'-- Found composition_interfaces: 1.2.2 (/opt/ros/humble/share/composition_interfaces/cmake)\n'}
[3.019196] (ros1_bridge) StdoutLine: {'line': b'-- Found diagnostic_msgs: 4.9.0 (/opt/ros/humble/share/diagnostic_msgs/cmake)\n'}
[3.031602] (ros1_bridge) StdoutLine: {'line': b'-- Found example_interfaces: 0.9.3 (/opt/ros/humble/share/example_interfaces/cmake)\n'}
[3.032626] (ros1_bridge) StdoutLine: {'line': b'-- Found geometry_msgs: 4.9.0 (/opt/ros/humble/share/geometry_msgs/cmake)\n'}
[3.046087] (ros1_bridge) StdoutLine: {'line': b'-- Found lifecycle_msgs: 1.2.2 (/opt/ros/humble/share/lifecycle_msgs/cmake)\n'}
[3.054500] (ros1_bridge) StdoutLine: {'line': b'-- Found logging_demo: 0.20.6 (/opt/ros/humble/share/logging_demo/cmake)\n'}
[3.086110] (ros1_bridge) StdoutLine: {'line': b'-- Found map_msgs: 2.1.0 (/opt/ros/humble/share/map_msgs/cmake)\n'}
[3.086525] (ros1_bridge) StdoutLine: {'line': b'-- Found nav_msgs: 4.9.0 (/opt/ros/humble/share/nav_msgs/cmake)\n'}
[3.099379] (ros1_bridge) StdoutLine: {'line': b'-- Found pcl_msgs: 1.0.0 (/opt/ros/humble/share/pcl_msgs/cmake)\n'}
[3.103615] (-) TimerEvent: {}
[3.109302] (ros1_bridge) StdoutLine: {'line': b'-- Found pendulum_msgs: 0.20.6 (/opt/ros/humble/share/pendulum_msgs/cmake)\n'}
[3.109610] (ros1_bridge) StdoutLine: {'line': b'-- Found rcl_interfaces: 1.2.2 (/opt/ros/humble/share/rcl_interfaces/cmake)\n'}
[3.109989] (ros1_bridge) StdoutLine: {'line': b'-- Found rmw_dds_common: 1.6.0 (/opt/ros/humble/share/rmw_dds_common/cmake)\n'}
[3.121045] (ros1_bridge) StdoutLine: {'line': b'-- Found rosbag2_interfaces: 0.15.15 (/opt/ros/humble/share/rosbag2_interfaces/cmake)\n'}
[3.121256] (ros1_bridge) StdoutLine: {'line': b'-- Found rosgraph_msgs: 1.2.2 (/opt/ros/humble/share/rosgraph_msgs/cmake)\n'}
[3.121486] (ros1_bridge) StdoutLine: {'line': b'-- Found sensor_msgs: 4.9.0 (/opt/ros/humble/share/sensor_msgs/cmake)\n'}
[3.134283] (ros1_bridge) StdoutLine: {'line': b'-- Found shape_msgs: 4.9.0 (/opt/ros/humble/share/shape_msgs/cmake)\n'}
[3.134521] (ros1_bridge) StdoutLine: {'line': b'-- Found statistics_msgs: 1.2.2 (/opt/ros/humble/share/statistics_msgs/cmake)\n'}
[3.134738] (ros1_bridge) StdoutLine: {'line': b'-- Found std_msgs: 4.9.0 (/opt/ros/humble/share/std_msgs/cmake)\n'}
[3.144253] (ros1_bridge) StdoutLine: {'line': b'-- Found std_srvs: 4.9.0 (/opt/ros/humble/share/std_srvs/cmake)\n'}
[3.157949] (ros1_bridge) StdoutLine: {'line': b'-- Found stereo_msgs: 4.9.0 (/opt/ros/humble/share/stereo_msgs/cmake)\n'}
[3.174523] (ros1_bridge) StdoutLine: {'line': b'-- Found tf2_msgs: 0.25.16 (/opt/ros/humble/share/tf2_msgs/cmake)\n'}
[3.174766] (ros1_bridge) StdoutLine: {'line': b'-- Found trajectory_msgs: 4.9.0 (/opt/ros/humble/share/trajectory_msgs/cmake)\n'}
[3.186392] (ros1_bridge) StdoutLine: {'line': b'-- Found turtlesim: 1.4.3 (/opt/ros/humble/share/turtlesim/cmake)\n'}
[3.186637] (ros1_bridge) StdoutLine: {'line': b'-- Found unique_identifier_msgs: 2.2.1 (/opt/ros/humble/share/unique_identifier_msgs/cmake)\n'}
[3.203069] (ros1_bridge) StdoutLine: {'line': b'-- Found visualization_msgs: 4.9.0 (/opt/ros/humble/share/visualization_msgs/cmake)\n'}
[3.203709] (-) TimerEvent: {}
[3.303845] (-) TimerEvent: {}
[3.330472] (ros1_bridge) StdoutLine: {'line': b'-- Configuring done\n'}
[3.403943] (-) TimerEvent: {}
[3.504131] (-) TimerEvent: {}
[3.522597] (ros1_bridge) StdoutLine: {'line': b'-- Generating done\n'}
[3.563018] (ros1_bridge) StdoutLine: {'line': b'-- Build files have been written to: /ros-humble-ros1-bridge/build/ros1_bridge\n'}
[3.575052] (ros1_bridge) CommandEnded: {'returncode': 0}
[3.575874] (ros1_bridge) JobProgress: {'identifier': 'ros1_bridge', 'progress': 'build'}
[3.576669] (ros1_bridge) Command: {'cmd': ['/usr/bin/cmake', '--build', '/ros-humble-ros1-bridge/build/ros1_bridge'], 'cwd': '/ros-humble-ros1-bridge/build/ros1_bridge', 'env': OrderedDict([('ADD_ros_tutorials', '1'), ('ROS_PACKAGE_PATH', '/control_msgs_ros1/install/control_msgs/share:/ros_tutorials/install/ros_tutorials/share:/ros_tutorials/install/turtlesim/share:/ros_tutorials/install/rospy_tutorials/share:/ros_tutorials/install/roscpp_tutorials/share'), ('SHLVL', '1'), ('LD_LIBRARY_PATH', '/control_msgs_ros2/install/control_msgs/lib:/opt/ros/humble/opt/rviz_ogre_vendor/lib:/opt/ros/humble/lib/x86_64-linux-gnu:/opt/ros/humble/lib'), ('HOME', '/root'), ('OLDPWD', '/ros-humble-ros1-bridge/src/ros1_bridge'), ('ROS_PYTHON_VERSION', '3'), ('MAKEFLAGS', '-j 16'), ('COLCON_PREFIX_PATH', '/custom_action/install:/control_msgs_ros2/install:/control_msgs_ros1/install:/common_tutorials/install:/ros_tutorials/install'), ('ROS_DISTRO', 'humble'), ('ADD_octomap_msgs', '0'), ('_', '/usr/bin/colcon'), ('ROS_VERSION', '2'), ('PKG_CONFIG_PATH', '/control_msgs_ros1/install/control_msgs/lib/x86_64-linux-gnu/pkgconfig:/control_msgs_ros1/install/control_msgs/lib/pkgconfig:/ros_tutorials/install/ros_tutorials/lib/x86_64-linux-gnu/pkgconfig:/ros_tutorials/install/ros_tutorials/lib/pkgconfig:/ros_tutorials/install/turtlesim/lib/x86_64-linux-gnu/pkgconfig:/ros_tutorials/install/turtlesim/lib/pkgconfig:/ros_tutorials/install/rospy_tutorials/lib/x86_64-linux-gnu/pkgconfig:/ros_tutorials/install/rospy_tutorials/lib/pkgconfig:/ros_tutorials/install/roscpp_tutorials/lib/x86_64-linux-gnu/pkgconfig:/ros_tutorials/install/roscpp_tutorials/lib/pkgconfig'), ('ROS_LOCALHOST_ONLY', '0'), ('PATH', '/opt/ros/humble/bin:/usr/local/sbin:/usr/local/bin:/usr/sbin:/usr/bin:/sbin:/bin'), ('LANG', 'C.UTF-8'), ('AMENT_PREFIX_PATH', '/custom_action/install/bridge_mapping:/control_msgs_ros2/install/control_msgs:/opt/ros/humble'), ('ADD_grid_map', '0'), ('ADD_example_custom_msgs', '0'), ('ADD_custom_action_mapping', '1'), ('PWD', '/ros-humble-ros1-bridge/build/ros1_bridge'), ('LC_ALL', 'C.UTF-8'), ('PYTHONPATH', '/control_msgs_ros2/install/control_msgs/local/lib/python3.10/dist-packages:/control_msgs_ros1/install/control_msgs/lib/python3/dist-packages:/ros_tutorials/install/turtlesim/lib/python3/dist-packages:/ros_tutorials/install/rospy_tutorials/lib/python3/dist-packages:/ros_tutorials/install/roscpp_tutorials/lib/python3/dist-packages:/opt/ros/humble/lib/python3.10/site-packages:/opt/ros/humble/local/lib/python3.10/dist-packages'), ('COLCON', '1'), ('CMAKE_PREFIX_PATH', '/custom_action/install/bridge_mapping:/control_msgs_ros2/install/control_msgs:/opt/ros/humble:/control_msgs_ros1/install/control_msgs:/ros_tutorials/install/turtlesim:/ros_tutorials/install/rospy_tutorials:/ros_tutorials/install/roscpp_tutorials')]), 'shell': False}
[3.604218] (-) TimerEvent: {}
[3.640760] (ros1_bridge) StdoutLine: {'line': b'[  1%] Building CXX object gtest/CMakeFiles/gtest_main.dir/src/gtest_main.cc.o\n'}
[3.642281] (ros1_bridge) StdoutLine: {'line': b'[  2%] Building CXX object gtest/CMakeFiles/gtest.dir/src/gtest-all.cc.o\n'}
[3.642521] (ros1_bridge) StdoutLine: {'line': b'[  2%] Generating factories for interface types\n'}
[3.643792] (ros1_bridge) StdoutLine: {'line': b'[  3%] Building CXX object CMakeFiles/simple_bridge_1_to_2.dir/src/simple_bridge_1_to_2.cpp.o\n'}
[3.646886] (ros1_bridge) StdoutLine: {'line': b'[  3%] Building CXX object CMakeFiles/test_ros1_client.dir/test/test_ros1_client.cpp.o\n'}
[3.647141] (ros1_bridge) StdoutLine: {'line': b'[  3%] Building CXX object CMakeFiles/test_ros1_server.dir/test/test_ros1_server.cpp.o\n'}
[3.650388] (ros1_bridge) StdoutLine: {'line': b'[  3%] Building CXX object CMakeFiles/test_ros2_client_cpp.dir/test/test_ros2_client.cpp.o\n'}
[3.652393] (ros1_bridge) StdoutLine: {'line': b'[  4%] Building CXX object CMakeFiles/test_ros2_server_cpp.dir/test/test_ros2_server.cpp.o\n'}
[3.652795] (ros1_bridge) StdoutLine: {'line': b'[  4%] Building CXX object CMakeFiles/simple_bridge.dir/src/simple_bridge.cpp.o\n'}
[3.656113] (ros1_bridge) StdoutLine: {'line': b'[  4%] Built target ament_cmake_python_copy_ros1_bridge\n'}
[3.660725] (ros1_bridge) StdoutLine: {'line': b'[  4%] Building CXX object CMakeFiles/simple_bridge_2_to_1.dir/src/simple_bridge_2_to_1.cpp.o\n'}
[3.704315] (-) TimerEvent: {}
[3.804505] (-) TimerEvent: {}
[3.905297] (-) TimerEvent: {}
[4.005512] (-) TimerEvent: {}
[4.029711] (ros1_bridge) StdoutLine: {'line': b'running egg_info\n'}
[4.030655] (ros1_bridge) StdoutLine: {'line': b'creating ros1_bridge.egg-info\n'}
[4.031088] (ros1_bridge) StdoutLine: {'line': b'writing ros1_bridge.egg-info/PKG-INFO\n'}
[4.031615] (ros1_bridge) StdoutLine: {'line': b'writing dependency_links to ros1_bridge.egg-info/dependency_links.txt\n'}
[4.032035] (ros1_bridge) StdoutLine: {'line': b'writing top-level names to ros1_bridge.egg-info/top_level.txt\n'}
[4.032653] (ros1_bridge) StdoutLine: {'line': b"writing manifest file 'ros1_bridge.egg-info/SOURCES.txt'\n"}
[4.035082] (ros1_bridge) StdoutLine: {'line': b"reading manifest file 'ros1_bridge.egg-info/SOURCES.txt'\n"}
[4.036441] (ros1_bridge) StdoutLine: {'line': b"writing manifest file 'ros1_bridge.egg-info/SOURCES.txt'\n"}
[4.071833] (ros1_bridge) StdoutLine: {'line': b'[  4%] Built target ament_cmake_python_build_ros1_bridge_egg\n'}
[4.105619] (-) TimerEvent: {}
[4.205825] (-) TimerEvent: {}
[4.306039] (-) TimerEvent: {}
[4.406257] (-) TimerEvent: {}
[4.478042] (ros1_bridge) StdoutLine: {'line': b'[  4%] Linking CXX static library libgtest_main.a\n'}
[4.507827] (-) TimerEvent: {}
[4.531043] (ros1_bridge) StdoutLine: {'line': b'[  4%] Built target gtest_main\n'}
[4.607941] (-) TimerEvent: {}
[4.708166] (-) TimerEvent: {}
[4.810922] (-) TimerEvent: {}
[4.911761] (-) TimerEvent: {}
[5.012020] (-) TimerEvent: {}
[5.112275] (-) TimerEvent: {}
[5.212511] (-) TimerEvent: {}
[5.313020] (-) TimerEvent: {}
[5.413244] (-) TimerEvent: {}
[5.513453] (-) TimerEvent: {}
[5.613660] (-) TimerEvent: {}
[5.713885] (-) TimerEvent: {}
[5.814096] (-) TimerEvent: {}
[5.914312] (-) TimerEvent: {}
[5.976510] (ros1_bridge) StdoutLine: {'line': b'[  4%] Linking CXX executable test_ros1_client\n'}
[6.014441] (-) TimerEvent: {}
[6.114777] (-) TimerEvent: {}
[6.131789] (ros1_bridge) StdoutLine: {'line': b'[  4%] Built target test_ros1_client\n'}
[6.214881] (-) TimerEvent: {}
[6.245030] (ros1_bridge) StdoutLine: {'line': b'[  5%] Linking CXX executable test_ros1_server\n'}
[6.315036] (-) TimerEvent: {}
[6.378904] (ros1_bridge) StdoutLine: {'line': b'[  5%] Built target test_ros1_server\n'}
[6.415391] (-) TimerEvent: {}
[6.515682] (-) TimerEvent: {}
[6.615918] (-) TimerEvent: {}
[6.716150] (-) TimerEvent: {}
[6.816379] (-) TimerEvent: {}
[6.916611] (-) TimerEvent: {}
[7.016834] (-) TimerEvent: {}
[7.117031] (-) TimerEvent: {}
[7.217264] (-) TimerEvent: {}
[7.317500] (-) TimerEvent: {}
[7.417724] (-) TimerEvent: {}
[7.517968] (-) TimerEvent: {}
[7.618224] (-) TimerEvent: {}
[7.681360] (ros1_bridge) StdoutLine: {'line': b'[  5%] Linking CXX executable test_ros2_client_cpp\n'}
[7.718457] (-) TimerEvent: {}
[7.818681] (-) TimerEvent: {}
[7.845273] (ros1_bridge) StdoutLine: {'line': b'[  5%] Built target test_ros2_client_cpp\n'}
[7.918795] (-) TimerEvent: {}
[8.013509] (ros1_bridge) StdoutLine: {'line': b'[  5%] Linking CXX executable test_ros2_server_cpp\n'}
[8.018904] (-) TimerEvent: {}
[8.119140] (-) TimerEvent: {}
[8.140435] (ros1_bridge) StdoutLine: {'line': b'[  5%] Built target test_ros2_server_cpp\n'}
[8.219241] (-) TimerEvent: {}
[8.319576] (-) TimerEvent: {}
[8.419771] (-) TimerEvent: {}
[8.519972] (-) TimerEvent: {}
[8.620161] (-) TimerEvent: {}
[8.720377] (-) TimerEvent: {}
[8.820578] (-) TimerEvent: {}
[8.920809] (-) TimerEvent: {}
[9.021012] (-) TimerEvent: {}
[9.121217] (-) TimerEvent: {}
[9.221435] (-) TimerEvent: {}
[9.321646] (-) TimerEvent: {}
[9.421877] (-) TimerEvent: {}
[9.522090] (-) TimerEvent: {}
[9.622290] (-) TimerEvent: {}
[9.722511] (-) TimerEvent: {}
[9.822730] (-) TimerEvent: {}
[9.922941] (-) TimerEvent: {}
[10.023149] (-) TimerEvent: {}
[10.123396] (-) TimerEvent: {}
[10.223619] (-) TimerEvent: {}
[10.323856] (-) TimerEvent: {}
[10.424071] (-) TimerEvent: {}
[10.492412] (ros1_bridge) StdoutLine: {'line': b'[  5%] Linking CXX executable simple_bridge_1_to_2\n'}
[10.524183] (-) TimerEvent: {}
[10.624422] (-) TimerEvent: {}
[10.645016] (ros1_bridge) StdoutLine: {'line': b'[  5%] Built target simple_bridge_1_to_2\n'}
[10.724541] (-) TimerEvent: {}
[10.824757] (-) TimerEvent: {}
[10.924952] (-) TimerEvent: {}
[11.025166] (-) TimerEvent: {}
[11.075164] (ros1_bridge) StdoutLine: {'line': b'[  5%] Linking CXX static library libgtest.a\n'}
[11.108160] (ros1_bridge) StdoutLine: {'line': b'[  5%] Built target gtest\n'}
[11.125259] (-) TimerEvent: {}
[11.225468] (-) TimerEvent: {}
[11.325696] (-) TimerEvent: {}
[11.425891] (-) TimerEvent: {}
[11.526093] (-) TimerEvent: {}
[11.626288] (-) TimerEvent: {}
[11.726468] (-) TimerEvent: {}
[11.826665] (-) TimerEvent: {}
[11.926883] (-) TimerEvent: {}
[12.027055] (-) TimerEvent: {}
[12.127223] (-) TimerEvent: {}
[12.227397] (-) TimerEvent: {}
[12.327592] (-) TimerEvent: {}
[12.427789] (-) TimerEvent: {}
[12.527970] (-) TimerEvent: {}
[12.628149] (-) TimerEvent: {}
[12.728345] (-) TimerEvent: {}
[12.828534] (-) TimerEvent: {}
[12.928730] (-) TimerEvent: {}
[13.028928] (-) TimerEvent: {}
[13.129133] (-) TimerEvent: {}
[13.229368] (-) TimerEvent: {}
[13.329576] (-) TimerEvent: {}
[13.429763] (-) TimerEvent: {}
[13.529952] (-) TimerEvent: {}
[13.630128] (-) TimerEvent: {}
[13.730319] (-) TimerEvent: {}
[13.830502] (-) TimerEvent: {}
[13.930690] (-) TimerEvent: {}
[14.030854] (-) TimerEvent: {}
[14.131043] (-) TimerEvent: {}
[14.231208] (-) TimerEvent: {}
[14.331475] (-) TimerEvent: {}
[14.431662] (-) TimerEvent: {}
[14.531860] (-) TimerEvent: {}
[14.632049] (-) TimerEvent: {}
[14.732244] (-) TimerEvent: {}
[14.832464] (-) TimerEvent: {}
[14.932657] (-) TimerEvent: {}
[15.032828] (-) TimerEvent: {}
[15.133013] (-) TimerEvent: {}
[15.164656] (ros1_bridge) StdoutLine: {'line': b'[  5%] Linking CXX executable simple_bridge_2_to_1\n'}
[15.233114] (-) TimerEvent: {}
[15.329880] (ros1_bridge) StdoutLine: {'line': b'[  5%] Built target simple_bridge_2_to_1\n'}
[15.333190] (-) TimerEvent: {}
[15.433354] (-) TimerEvent: {}
[15.533533] (-) TimerEvent: {}
[15.594152] (ros1_bridge) StdoutLine: {'line': b'[  5%] Linking CXX executable simple_bridge\n'}
[15.633628] (-) TimerEvent: {}
[15.733809] (-) TimerEvent: {}
[15.751467] (ros1_bridge) StdoutLine: {'line': b'[  5%] Built target simple_bridge\n'}
[15.833899] (-) TimerEvent: {}
[15.934080] (-) TimerEvent: {}
[16.034282] (-) TimerEvent: {}
[16.134481] (-) TimerEvent: {}
[16.234691] (-) TimerEvent: {}
[16.334882] (-) TimerEvent: {}
[16.435076] (-) TimerEvent: {}
[16.535268] (-) TimerEvent: {}
[16.635477] (-) TimerEvent: {}
[16.735682] (-) TimerEvent: {}
[16.835892] (-) TimerEvent: {}
[16.936120] (-) TimerEvent: {}
[17.036350] (-) TimerEvent: {}
[17.038122] (ros1_bridge) StdoutLine: {'line': b'[  5%] Building CXX object CMakeFiles/ros1_bridge.dir/src/builtin_interfaces_factories.cpp.o\n'}
[17.039469] (ros1_bridge) StdoutLine: {'line': b'[  5%] Building CXX object CMakeFiles/ros1_bridge.dir/src/convert_builtin_interfaces.cpp.o\n'}
[17.039961] (ros1_bridge) StdoutLine: {'line': b'[  6%] Building CXX object CMakeFiles/ros1_bridge.dir/src/bridge.cpp.o\n'}
[17.040097] (ros1_bridge) StdoutLine: {'line': b'[  6%] Building CXX object CMakeFiles/ros1_bridge.dir/generated/get_mappings.cpp.o\n'}
[17.040209] (ros1_bridge) StdoutLine: {'line': b'[  6%] Building CXX object CMakeFiles/ros1_bridge.dir/generated/control_msgs_factories.cpp.o\n'}
[17.040326] (ros1_bridge) StdoutLine: {'line': b'[  7%] Building CXX object CMakeFiles/ros1_bridge.dir/generated/control_msgs__action__ParallelGripperCommand__factories.cpp.o\n'}
[17.040775] (ros1_bridge) StdoutLine: {'line': b'[  7%] Building CXX object CMakeFiles/ros1_bridge.dir/generated/control_msgs__action__GripperCommand__factories.cpp.o\n'}
[17.040939] (ros1_bridge) StdoutLine: {'line': b'[  7%] Building CXX object CMakeFiles/ros1_bridge.dir/generated/control_msgs__action__FollowJointTrajectory__factories.cpp.o\n'}
[17.041217] (ros1_bridge) StdoutLine: {'line': b'[  8%] Building CXX object CMakeFiles/ros1_bridge.dir/generated/control_msgs__action__JointTrajectory__factories.cpp.o\n'}
[17.042013] (ros1_bridge) StdoutLine: {'line': b'[  8%] Building CXX object CMakeFiles/ros1_bridge.dir/generated/get_factory.cpp.o\n'}
[17.052154] (ros1_bridge) StdoutLine: {'line': b'[  8%] Building CXX object CMakeFiles/ros1_bridge.dir/generated/control_msgs__action__PointHead__factories.cpp.o\n'}
[17.052899] (ros1_bridge) StdoutLine: {'line': b'[  8%] Building CXX object CMakeFiles/ros1_bridge.dir/generated/control_msgs__action__SingleJointPosition__factories.cpp.o\n'}
[17.053127] (ros1_bridge) StdoutLine: {'line': b'[  9%] Building CXX object CMakeFiles/ros1_bridge.dir/generated/control_msgs__msg__AdmittanceControllerState__factories.cpp.o\n'}
[17.053239] (ros1_bridge) StdoutLine: {'line': b'[  9%] Building CXX object CMakeFiles/ros1_bridge.dir/generated/control_msgs__msg__DynamicInterfaceGroupValues__factories.cpp.o\n'}
[17.053348] (ros1_bridge) StdoutLine: {'line': b'[  9%] Building CXX object CMakeFiles/ros1_bridge.dir/generated/control_msgs__msg__DynamicJointState__factories.cpp.o\n'}
[17.108221] (ros1_bridge) StdoutLine: {'line': b'[  9%] Building CXX object CMakeFiles/ros1_bridge.dir/generated/control_msgs__msg__GripperCommand__factories.cpp.o\n'}
[17.136453] (-) TimerEvent: {}
[17.236661] (-) TimerEvent: {}
[17.336879] (-) TimerEvent: {}
[17.437097] (-) TimerEvent: {}
[17.537319] (-) TimerEvent: {}
[17.637535] (-) TimerEvent: {}
[17.737938] (-) TimerEvent: {}
[17.838255] (-) TimerEvent: {}
[17.938473] (-) TimerEvent: {}
[18.038695] (-) TimerEvent: {}
[18.138932] (-) TimerEvent: {}
[18.239282] (-) TimerEvent: {}
[18.339496] (-) TimerEvent: {}
[18.439713] (-) TimerEvent: {}
[18.539927] (-) TimerEvent: {}
[18.640163] (-) TimerEvent: {}
[18.740406] (-) TimerEvent: {}
[18.780639] (ros1_bridge) StdoutLine: {'line': b'[ 10%] Building CXX object CMakeFiles/ros1_bridge.dir/generated/control_msgs__msg__InterfaceValue__factories.cpp.o\n'}
[18.840566] (-) TimerEvent: {}
[18.940832] (-) TimerEvent: {}
[19.041080] (-) TimerEvent: {}
[19.141322] (-) TimerEvent: {}
[19.213866] (ros1_bridge) StdoutLine: {'line': b'[ 10%] Building CXX object CMakeFiles/ros1_bridge.dir/generated/control_msgs__msg__JointComponentTolerance__factories.cpp.o\n'}
[19.241436] (-) TimerEvent: {}
[19.341669] (-) TimerEvent: {}
[19.442014] (-) TimerEvent: {}
[19.542258] (-) TimerEvent: {}
[19.642486] (-) TimerEvent: {}
[19.742746] (-) TimerEvent: {}
[19.843011] (-) TimerEvent: {}
[19.943279] (-) TimerEvent: {}
[20.043535] (-) TimerEvent: {}
[20.143795] (-) TimerEvent: {}
[20.244042] (-) TimerEvent: {}
[20.344288] (-) TimerEvent: {}
[20.444592] (-) TimerEvent: {}
[20.544865] (-) TimerEvent: {}
[20.645118] (-) TimerEvent: {}
[20.745378] (-) TimerEvent: {}
[20.845632] (-) TimerEvent: {}
[20.945926] (-) TimerEvent: {}
[21.046248] (-) TimerEvent: {}
[21.146529] (-) TimerEvent: {}
[21.246804] (-) TimerEvent: {}
[21.347111] (-) TimerEvent: {}
[21.447371] (-) TimerEvent: {}
[21.547633] (-) TimerEvent: {}
[21.647911] (-) TimerEvent: {}
[21.748162] (-) TimerEvent: {}
[21.848433] (-) TimerEvent: {}
[21.950250] (-) TimerEvent: {}
[22.051555] (-) TimerEvent: {}
[22.151797] (-) TimerEvent: {}
[22.252037] (-) TimerEvent: {}
[22.352338] (-) TimerEvent: {}
[22.452711] (-) TimerEvent: {}
[22.552988] (-) TimerEvent: {}
[22.653274] (-) TimerEvent: {}
[22.753587] (-) TimerEvent: {}
[22.853841] (-) TimerEvent: {}
[22.954091] (-) TimerEvent: {}
[23.054338] (-) TimerEvent: {}
[23.154592] (-) TimerEvent: {}
[23.254839] (-) TimerEvent: {}
[23.307894] (ros1_bridge) StdoutLine: {'line': b'[ 10%] Building CXX object CMakeFiles/ros1_bridge.dir/generated/control_msgs__msg__JointControllerState__factories.cpp.o\n'}
[23.355081] (-) TimerEvent: {}
[23.455329] (-) TimerEvent: {}
[23.555572] (-) TimerEvent: {}
[23.655825] (-) TimerEvent: {}
[23.756086] (-) TimerEvent: {}
[23.856552] (-) TimerEvent: {}
[23.956846] (-) TimerEvent: {}
[24.057095] (-) TimerEvent: {}
[24.157353] (-) TimerEvent: {}
[24.257671] (-) TimerEvent: {}
[24.357928] (-) TimerEvent: {}
[24.458181] (-) TimerEvent: {}
[24.558514] (-) TimerEvent: {}
[24.658763] (-) TimerEvent: {}
[24.761127] (-) TimerEvent: {}
[24.861373] (-) TimerEvent: {}
[24.961632] (-) TimerEvent: {}
[25.061885] (-) TimerEvent: {}
[25.162131] (-) TimerEvent: {}
[25.262374] (-) TimerEvent: {}
[25.362617] (-) TimerEvent: {}
[25.462860] (-) TimerEvent: {}
[25.563087] (-) TimerEvent: {}
[25.663411] (-) TimerEvent: {}
[25.763642] (-) TimerEvent: {}
[25.863892] (-) TimerEvent: {}
[25.964140] (-) TimerEvent: {}
[26.064385] (-) TimerEvent: {}
[26.164628] (-) TimerEvent: {}
[26.264961] (-) TimerEvent: {}
[26.365198] (-) TimerEvent: {}
[26.465560] (-) TimerEvent: {}
[26.565813] (-) TimerEvent: {}
[26.666065] (-) TimerEvent: {}
[26.766316] (-) TimerEvent: {}
[26.866691] (-) TimerEvent: {}
[26.966945] (-) TimerEvent: {}
[27.067200] (-) TimerEvent: {}
[27.167460] (-) TimerEvent: {}
[27.267759] (-) TimerEvent: {}
[27.368058] (-) TimerEvent: {}
[27.468313] (-) TimerEvent: {}
[27.568691] (-) TimerEvent: {}
[27.669014] (-) TimerEvent: {}
[27.744241] (ros1_bridge) StdoutLine: {'line': b'[ 11%] Building CXX object CMakeFiles/ros1_bridge.dir/generated/control_msgs__msg__JointJog__factories.cpp.o\n'}
[27.769126] (-) TimerEvent: {}
[27.873700] (-) TimerEvent: {}
[27.973939] (-) TimerEvent: {}
[28.074420] (-) TimerEvent: {}
[28.096574] (ros1_bridge) StdoutLine: {'line': b'[ 11%] Building CXX object CMakeFiles/ros1_bridge.dir/generated/control_msgs__msg__JointTolerance__factories.cpp.o\n'}
[28.103204] (ros1_bridge) StdoutLine: {'line': b'[ 11%] Building CXX object CMakeFiles/ros1_bridge.dir/generated/control_msgs__msg__JointTrajectoryControllerState__factories.cpp.o\n'}
[28.174494] (-) TimerEvent: {}
[28.275197] (-) TimerEvent: {}
[28.375442] (-) TimerEvent: {}
[28.475879] (-) TimerEvent: {}
[28.576286] (-) TimerEvent: {}
[28.676560] (-) TimerEvent: {}
[28.691970] (ros1_bridge) StdoutLine: {'line': b'[ 11%] Building CXX object CMakeFiles/ros1_bridge.dir/generated/control_msgs__msg__MecanumDriveControllerState__factories.cpp.o\n'}
[28.727348] (ros1_bridge) StdoutLine: {'line': b'[ 12%] Building CXX object CMakeFiles/ros1_bridge.dir/generated/control_msgs__msg__MultiDOFCommand__factories.cpp.o\n'}
[28.776713] (-) TimerEvent: {}
[28.876974] (-) TimerEvent: {}
[28.977258] (-) TimerEvent: {}
[29.077519] (-) TimerEvent: {}
[29.177798] (-) TimerEvent: {}
[29.278100] (-) TimerEvent: {}
[29.297904] (ros1_bridge) StdoutLine: {'line': b'[ 12%] Building CXX object CMakeFiles/ros1_bridge.dir/generated/control_msgs__msg__MultiDOFStateStamped__factories.cpp.o\n'}
[29.378216] (-) TimerEvent: {}
[29.478462] (-) TimerEvent: {}
[29.578708] (-) TimerEvent: {}
[29.695413] (-) TimerEvent: {}
[29.795640] (-) TimerEvent: {}
[29.895871] (-) TimerEvent: {}
[29.996106] (-) TimerEvent: {}
[30.096346] (-) TimerEvent: {}
[30.196581] (-) TimerEvent: {}
[30.238583] (ros1_bridge) StdoutLine: {'line': b'[ 12%] Building CXX object CMakeFiles/ros1_bridge.dir/generated/control_msgs__msg__PidState__factories.cpp.o\n'}
[30.297557] (-) TimerEvent: {}
[30.313926] (ros1_bridge) StdoutLine: {'line': b'[ 13%] Building CXX object CMakeFiles/ros1_bridge.dir/generated/control_msgs__msg__SingleDOFState__factories.cpp.o\n'}
[30.397438] (-) TimerEvent: {}
[30.497677] (-) TimerEvent: {}
[30.597913] (-) TimerEvent: {}
[30.698603] (-) TimerEvent: {}
[30.798841] (-) TimerEvent: {}
[30.899075] (-) TimerEvent: {}
[30.999314] (-) TimerEvent: {}
[31.099556] (-) TimerEvent: {}
[31.199808] (-) TimerEvent: {}
[31.300470] (-) TimerEvent: {}
[31.400731] (-) TimerEvent: {}
[31.500965] (-) TimerEvent: {}
[31.601300] (-) TimerEvent: {}
[31.701543] (-) TimerEvent: {}
[31.803092] (-) TimerEvent: {}
[31.903329] (-) TimerEvent: {}
[32.003628] (-) TimerEvent: {}
[32.104029] (-) TimerEvent: {}
[32.204277] (-) TimerEvent: {}
[32.304651] (-) TimerEvent: {}
[32.404905] (-) TimerEvent: {}
[32.505439] (-) TimerEvent: {}
[32.605878] (-) TimerEvent: {}
[32.706160] (-) TimerEvent: {}
[32.814482] (-) TimerEvent: {}
[32.914858] (-) TimerEvent: {}
[33.015084] (-) TimerEvent: {}
[33.115332] (-) TimerEvent: {}
[33.215572] (-) TimerEvent: {}
[33.315807] (-) TimerEvent: {}
[33.416039] (-) TimerEvent: {}
[33.516284] (-) TimerEvent: {}
[33.616522] (-) TimerEvent: {}
[33.716764] (-) TimerEvent: {}
[33.823113] (-) TimerEvent: {}
[33.923371] (-) TimerEvent: {}
[34.023622] (-) TimerEvent: {}
[34.123874] (-) TimerEvent: {}
[34.224120] (-) TimerEvent: {}
[34.331110] (-) TimerEvent: {}
[34.431371] (-) TimerEvent: {}
[34.531744] (-) TimerEvent: {}
[34.631989] (-) TimerEvent: {}
[34.732239] (-) TimerEvent: {}
[34.839105] (-) TimerEvent: {}
[34.939355] (-) TimerEvent: {}
[35.039595] (-) TimerEvent: {}
[35.139850] (-) TimerEvent: {}
[35.240090] (-) TimerEvent: {}
[35.346171] (-) TimerEvent: {}
[35.446406] (-) TimerEvent: {}
[35.546664] (-) TimerEvent: {}
[35.646911] (-) TimerEvent: {}
[35.747166] (-) TimerEvent: {}
[35.848579] (-) TimerEvent: {}
[35.948825] (-) TimerEvent: {}
[36.049620] (-) TimerEvent: {}
[36.149880] (-) TimerEvent: {}
[36.250131] (-) TimerEvent: {}
[36.350387] (-) TimerEvent: {}
[36.450686] (-) TimerEvent: {}
[36.550917] (-) TimerEvent: {}
[36.651164] (-) TimerEvent: {}
[36.751430] (-) TimerEvent: {}
[36.858751] (-) TimerEvent: {}
[36.959176] (-) TimerEvent: {}
[37.059424] (-) TimerEvent: {}
[37.159671] (-) TimerEvent: {}
[37.259948] (-) TimerEvent: {}
[37.360181] (-) TimerEvent: {}
[37.460426] (-) TimerEvent: {}
[37.560673] (-) TimerEvent: {}
[37.660922] (-) TimerEvent: {}
[37.761179] (-) TimerEvent: {}
[37.861451] (-) TimerEvent: {}
[37.961692] (-) TimerEvent: {}
[38.061952] (-) TimerEvent: {}
[38.162190] (-) TimerEvent: {}
[38.262425] (-) TimerEvent: {}
[38.362687] (-) TimerEvent: {}
[38.462948] (-) TimerEvent: {}
[38.563210] (-) TimerEvent: {}
[38.663457] (-) TimerEvent: {}
[38.763700] (-) TimerEvent: {}
[38.867087] (-) TimerEvent: {}
[38.967327] (-) TimerEvent: {}
[39.067584] (-) TimerEvent: {}
[39.168738] (-) TimerEvent: {}
[39.177858] (ros1_bridge) StdoutLine: {'line': b'[ 13%] Building CXX object CMakeFiles/ros1_bridge.dir/generated/control_msgs__msg__SingleDOFStateStamped__factories.cpp.o\n'}
[39.267944] (-) TimerEvent: {}
[39.359504] (ros1_bridge) StdoutLine: {'line': b'[ 13%] Building CXX object CMakeFiles/ros1_bridge.dir/generated/control_msgs__msg__SteeringControllerStatus__factories.cpp.o\n'}
[39.368057] (-) TimerEvent: {}
[39.471770] (-) TimerEvent: {}
[39.575138] (-) TimerEvent: {}
[39.675571] (-) TimerEvent: {}
[39.779120] (-) TimerEvent: {}
[39.879371] (-) TimerEvent: {}
[39.979624] (-) TimerEvent: {}
[40.079861] (-) TimerEvent: {}
[40.180118] (-) TimerEvent: {}
[40.268568] (ros1_bridge) StdoutLine: {'line': b'[ 14%] Building CXX object CMakeFiles/ros1_bridge.dir/generated/control_msgs__srv__QueryCalibrationState__factories.cpp.o\n'}
[40.280229] (-) TimerEvent: {}
[40.380469] (-) TimerEvent: {}
[40.480703] (-) TimerEvent: {}
[40.580969] (-) TimerEvent: {}
[40.681209] (-) TimerEvent: {}
[40.763640] (ros1_bridge) StdoutLine: {'line': b'[ 14%] Building CXX object CMakeFiles/ros1_bridge.dir/generated/control_msgs__srv__QueryTrajectoryState__factories.cpp.o\n'}
[40.781347] (-) TimerEvent: {}
[40.881593] (-) TimerEvent: {}
[40.981833] (-) TimerEvent: {}
[41.082077] (-) TimerEvent: {}
[41.182346] (-) TimerEvent: {}
[41.282611] (-) TimerEvent: {}
[41.382844] (-) TimerEvent: {}
[41.483077] (-) TimerEvent: {}
[41.583303] (-) TimerEvent: {}
[41.683557] (-) TimerEvent: {}
[41.745506] (ros1_bridge) StdoutLine: {'line': b'[ 14%] Building CXX object CMakeFiles/ros1_bridge.dir/generated/action_msgs_factories.cpp.o\n'}
[41.799116] (-) TimerEvent: {}
[41.875605] (ros1_bridge) StdoutLine: {'line': b'[ 14%] Building CXX object CMakeFiles/ros1_bridge.dir/generated/action_msgs__msg__GoalInfo__factories.cpp.o\n'}
[41.899243] (-) TimerEvent: {}
[41.999496] (-) TimerEvent: {}
[42.099751] (-) TimerEvent: {}
[42.200004] (-) TimerEvent: {}
[42.307812] (-) TimerEvent: {}
[42.408084] (-) TimerEvent: {}
[42.508374] (-) TimerEvent: {}
[42.608620] (-) TimerEvent: {}
[42.708897] (-) TimerEvent: {}
[42.809149] (-) TimerEvent: {}
[42.909397] (-) TimerEvent: {}
[43.009639] (-) TimerEvent: {}
[43.084208] (ros1_bridge) StdoutLine: {'line': b'[ 15%] Building CXX object CMakeFiles/ros1_bridge.dir/generated/action_msgs__msg__GoalStatus__factories.cpp.o\n'}
[43.109769] (-) TimerEvent: {}
[43.210026] (-) TimerEvent: {}
[43.310263] (-) TimerEvent: {}
[43.410499] (-) TimerEvent: {}
[43.510741] (-) TimerEvent: {}
[43.610979] (-) TimerEvent: {}
[43.711236] (-) TimerEvent: {}
[43.811501] (-) TimerEvent: {}
[43.873396] (ros1_bridge) StdoutLine: {'line': b'[ 15%] Building CXX object CMakeFiles/ros1_bridge.dir/generated/action_msgs__msg__GoalStatusArray__factories.cpp.o\n'}
[43.911637] (-) TimerEvent: {}
[44.011901] (-) TimerEvent: {}
[44.091495] (ros1_bridge) StdoutLine: {'line': b'[ 15%] Building CXX object CMakeFiles/ros1_bridge.dir/generated/action_msgs__srv__CancelGoal__factories.cpp.o\n'}
[44.112037] (-) TimerEvent: {}
[44.212302] (-) TimerEvent: {}
[44.312537] (-) TimerEvent: {}
[44.412798] (-) TimerEvent: {}
[44.513077] (-) TimerEvent: {}
[44.613312] (-) TimerEvent: {}
[44.674921] (ros1_bridge) StdoutLine: {'line': b'[ 16%] Building CXX object CMakeFiles/ros1_bridge.dir/generated/action_tutorials_interfaces_factories.cpp.o\n'}
[44.713433] (-) TimerEvent: {}
[44.813667] (-) TimerEvent: {}
[44.913893] (-) TimerEvent: {}
[45.014140] (-) TimerEvent: {}
[45.114382] (-) TimerEvent: {}
[45.214632] (-) TimerEvent: {}
[45.314877] (-) TimerEvent: {}
[45.415086] (-) TimerEvent: {}
[45.515339] (-) TimerEvent: {}
[45.615598] (-) TimerEvent: {}
[45.715843] (-) TimerEvent: {}
[45.816091] (-) TimerEvent: {}
[45.916386] (-) TimerEvent: {}
[46.016628] (-) TimerEvent: {}
[46.116913] (-) TimerEvent: {}
[46.217229] (-) TimerEvent: {}
[46.317480] (-) TimerEvent: {}
[46.417733] (-) TimerEvent: {}
[46.518012] (-) TimerEvent: {}
[46.618294] (-) TimerEvent: {}
[46.718550] (-) TimerEvent: {}
[46.818814] (-) TimerEvent: {}
[46.919786] (-) TimerEvent: {}
[47.020024] (-) TimerEvent: {}
[47.120255] (-) TimerEvent: {}
[47.220494] (-) TimerEvent: {}
[47.320730] (-) TimerEvent: {}
[47.420976] (-) TimerEvent: {}
[47.521221] (-) TimerEvent: {}
[47.621467] (-) TimerEvent: {}
[47.721755] (-) TimerEvent: {}
[47.837139] (-) TimerEvent: {}
[47.856764] (ros1_bridge) StdoutLine: {'line': b'[ 16%] Building CXX object CMakeFiles/ros1_bridge.dir/generated/action_tutorials_interfaces__action__Fibonacci__factories.cpp.o\n'}
[47.937261] (-) TimerEvent: {}
[48.037504] (-) TimerEvent: {}
[48.137770] (-) TimerEvent: {}
[48.238003] (-) TimerEvent: {}
[48.338247] (-) TimerEvent: {}
[48.438491] (-) TimerEvent: {}
[48.538726] (-) TimerEvent: {}
[48.638965] (-) TimerEvent: {}
[48.739213] (-) TimerEvent: {}
[48.849102] (-) TimerEvent: {}
[48.949333] (-) TimerEvent: {}
[49.049579] (-) TimerEvent: {}
[49.149821] (-) TimerEvent: {}
[49.250055] (-) TimerEvent: {}
[49.350288] (-) TimerEvent: {}
[49.450530] (-) TimerEvent: {}
[49.550774] (-) TimerEvent: {}
[49.651027] (-) TimerEvent: {}
[49.751268] (-) TimerEvent: {}
[49.853418] (-) TimerEvent: {}
[49.953658] (-) TimerEvent: {}
[50.053897] (-) TimerEvent: {}
[50.154132] (-) TimerEvent: {}
[50.254428] (-) TimerEvent: {}
[50.354709] (-) TimerEvent: {}
[50.454964] (-) TimerEvent: {}
[50.555209] (-) TimerEvent: {}
[50.655452] (-) TimerEvent: {}
[50.756008] (-) TimerEvent: {}
[50.819759] (ros1_bridge) StdoutLine: {'line': b'[ 16%] Building CXX object CMakeFiles/ros1_bridge.dir/generated/actionlib_msgs_factories.cpp.o\n'}
[50.856176] (-) TimerEvent: {}
[50.956440] (-) TimerEvent: {}
[51.056684] (-) TimerEvent: {}
[51.133845] (ros1_bridge) StdoutLine: {'line': b'[ 16%] Building CXX object CMakeFiles/ros1_bridge.dir/generated/actionlib_msgs__msg__GoalID__factories.cpp.o\n'}
[51.156800] (-) TimerEvent: {}
[51.257046] (-) TimerEvent: {}
[51.357283] (-) TimerEvent: {}
[51.457519] (-) TimerEvent: {}
[51.557749] (-) TimerEvent: {}
[51.658000] (-) TimerEvent: {}
[51.670693] (ros1_bridge) StdoutLine: {'line': b'[ 17%] Building CXX object CMakeFiles/ros1_bridge.dir/generated/actionlib_msgs__msg__GoalStatus__factories.cpp.o\n'}
[51.758118] (-) TimerEvent: {}
[51.789586] (ros1_bridge) StdoutLine: {'line': b'[ 17%] Building CXX object CMakeFiles/ros1_bridge.dir/generated/actionlib_msgs__msg__GoalStatusArray__factories.cpp.o\n'}
[51.858243] (-) TimerEvent: {}
[51.919462] (ros1_bridge) StdoutLine: {'line': b'[ 17%] Building CXX object CMakeFiles/ros1_bridge.dir/generated/composition_interfaces_factories.cpp.o\n'}
[51.958363] (-) TimerEvent: {}
[52.011701] (ros1_bridge) StdoutLine: {'line': b'[ 18%] Building CXX object CMakeFiles/ros1_bridge.dir/generated/composition_interfaces__srv__LoadNode__factories.cpp.o\n'}
[52.058479] (-) TimerEvent: {}
[52.158699] (-) TimerEvent: {}
[52.258936] (-) TimerEvent: {}
[52.359181] (-) TimerEvent: {}
[52.459431] (-) TimerEvent: {}
[52.559674] (-) TimerEvent: {}
[52.659904] (-) TimerEvent: {}
[52.663220] (ros1_bridge) StdoutLine: {'line': b'[ 18%] Building CXX object CMakeFiles/ros1_bridge.dir/generated/composition_interfaces__srv__ListNodes__factories.cpp.o\n'}
[52.760081] (ros1_bridge) StdoutLine: {'line': b'[ 18%] Building CXX object CMakeFiles/ros1_bridge.dir/generated/composition_interfaces__srv__UnloadNode__factories.cpp.o\n'}
[52.760458] (-) TimerEvent: {}
[52.860631] (-) TimerEvent: {}
[52.960872] (-) TimerEvent: {}
[53.061104] (-) TimerEvent: {}
[53.161341] (-) TimerEvent: {}
[53.261648] (-) TimerEvent: {}
[53.361885] (-) TimerEvent: {}
[53.462206] (-) TimerEvent: {}
[53.562455] (-) TimerEvent: {}
[53.662721] (-) TimerEvent: {}
[53.762950] (-) TimerEvent: {}
[53.863201] (-) TimerEvent: {}
[53.963429] (-) TimerEvent: {}
[53.988398] (ros1_bridge) StdoutLine: {'line': b'[ 19%] Building CXX object CMakeFiles/ros1_bridge.dir/generated/diagnostic_msgs_factories.cpp.o\n'}
[54.063548] (-) TimerEvent: {}
[54.163776] (-) TimerEvent: {}
[54.264014] (-) TimerEvent: {}
[54.364259] (-) TimerEvent: {}
[54.389055] (ros1_bridge) StdoutLine: {'line': b'[ 19%] Building CXX object CMakeFiles/ros1_bridge.dir/generated/diagnostic_msgs__msg__DiagnosticArray__factories.cpp.o\n'}
[54.390586] (ros1_bridge) StdoutLine: {'line': b'[ 19%] Building CXX object CMakeFiles/ros1_bridge.dir/generated/diagnostic_msgs__msg__DiagnosticStatus__factories.cpp.o\n'}
[54.464386] (-) TimerEvent: {}
[54.564623] (-) TimerEvent: {}
[54.664844] (-) TimerEvent: {}
[54.675531] (ros1_bridge) StdoutLine: {'line': b'[ 19%] Building CXX object CMakeFiles/ros1_bridge.dir/generated/diagnostic_msgs__msg__KeyValue__factories.cpp.o\n'}
[54.712619] (ros1_bridge) StdoutLine: {'line': b'[ 20%] Building CXX object CMakeFiles/ros1_bridge.dir/generated/diagnostic_msgs__srv__AddDiagnostics__factories.cpp.o\n'}
[54.764959] (-) TimerEvent: {}
[54.865192] (-) TimerEvent: {}
[54.965422] (-) TimerEvent: {}
[54.967194] (ros1_bridge) StdoutLine: {'line': b'[ 20%] Building CXX object CMakeFiles/ros1_bridge.dir/generated/diagnostic_msgs__srv__SelfTest__factories.cpp.o\n'}
[55.065533] (-) TimerEvent: {}
[55.165759] (-) TimerEvent: {}
[55.265996] (-) TimerEvent: {}
[55.366229] (-) TimerEvent: {}
[55.466448] (-) TimerEvent: {}
[55.504122] (ros1_bridge) StdoutLine: {'line': b'[ 20%] Building CXX object CMakeFiles/ros1_bridge.dir/generated/example_interfaces_factories.cpp.o\n'}
[55.566561] (-) TimerEvent: {}
[55.666783] (-) TimerEvent: {}
[55.767023] (-) TimerEvent: {}
[55.867248] (-) TimerEvent: {}
[55.967485] (-) TimerEvent: {}
[56.067716] (-) TimerEvent: {}
[56.167947] (-) TimerEvent: {}
[56.268178] (-) TimerEvent: {}
[56.368413] (-) TimerEvent: {}
[56.469120] (-) TimerEvent: {}
[56.569512] (-) TimerEvent: {}
[56.669736] (-) TimerEvent: {}
[56.769964] (-) TimerEvent: {}
[56.870194] (-) TimerEvent: {}
[56.970416] (-) TimerEvent: {}
[57.070652] (-) TimerEvent: {}
[57.170885] (-) TimerEvent: {}
[57.271136] (-) TimerEvent: {}
[57.371450] (-) TimerEvent: {}
[57.471718] (-) TimerEvent: {}
[57.571953] (-) TimerEvent: {}
[57.672196] (-) TimerEvent: {}
[57.772519] (-) TimerEvent: {}
[57.872817] (-) TimerEvent: {}
[57.973140] (-) TimerEvent: {}
[58.073481] (-) TimerEvent: {}
[58.173732] (-) TimerEvent: {}
[58.241261] (ros1_bridge) StdoutLine: {'line': b'[ 21%] Building CXX object CMakeFiles/ros1_bridge.dir/generated/example_interfaces__action__Fibonacci__factories.cpp.o\n'}
[58.273858] (-) TimerEvent: {}
[58.374099] (-) TimerEvent: {}
[58.474545] (-) TimerEvent: {}
[58.575074] (-) TimerEvent: {}
[58.675335] (-) TimerEvent: {}
[58.775590] (-) TimerEvent: {}
[58.876018] (-) TimerEvent: {}
[58.976256] (-) TimerEvent: {}
[59.076535] (-) TimerEvent: {}
[59.176789] (-) TimerEvent: {}
[59.277092] (-) TimerEvent: {}
[59.377328] (-) TimerEvent: {}
[59.477686] (-) TimerEvent: {}
[59.577956] (-) TimerEvent: {}
[59.678215] (-) TimerEvent: {}
[59.778482] (-) TimerEvent: {}
[59.878743] (-) TimerEvent: {}
[59.978987] (-) TimerEvent: {}
[60.079301] (-) TimerEvent: {}
[60.179595] (-) TimerEvent: {}
[60.279846] (-) TimerEvent: {}
[60.380105] (-) TimerEvent: {}
[60.480394] (-) TimerEvent: {}
[60.580652] (-) TimerEvent: {}
[60.680926] (-) TimerEvent: {}
[60.781178] (-) TimerEvent: {}
[60.883105] (-) TimerEvent: {}
[60.983350] (-) TimerEvent: {}
[61.083605] (-) TimerEvent: {}
[61.183863] (-) TimerEvent: {}
[61.284109] (-) TimerEvent: {}
[61.384366] (-) TimerEvent: {}
[61.484619] (-) TimerEvent: {}
[61.584864] (-) TimerEvent: {}
[61.685115] (-) TimerEvent: {}
[61.785354] (-) TimerEvent: {}
[61.887924] (-) TimerEvent: {}
[61.984550] (ros1_bridge) StdoutLine: {'line': b'[ 21%] Building CXX object CMakeFiles/ros1_bridge.dir/generated/example_interfaces__msg__Bool__factories.cpp.o\n'}
[61.988031] (-) TimerEvent: {}
[62.088270] (-) TimerEvent: {}
[62.188530] (-) TimerEvent: {}
[62.192350] (ros1_bridge) StdoutLine: {'line': b'[ 21%] Building CXX object CMakeFiles/ros1_bridge.dir/generated/example_interfaces__msg__Byte__factories.cpp.o\n'}
[62.288657] (-) TimerEvent: {}
[62.388905] (-) TimerEvent: {}
[62.489155] (-) TimerEvent: {}
[62.589393] (-) TimerEvent: {}
[62.689628] (-) TimerEvent: {}
[62.789869] (-) TimerEvent: {}
[62.890177] (-) TimerEvent: {}
[62.990458] (-) TimerEvent: {}
[63.050653] (ros1_bridge) StdoutLine: {'line': b'[ 22%] Building CXX object CMakeFiles/ros1_bridge.dir/generated/example_interfaces__msg__Char__factories.cpp.o\n'}
[63.065271] (ros1_bridge) StdoutLine: {'line': b'[ 22%] Building CXX object CMakeFiles/ros1_bridge.dir/generated/example_interfaces__msg__ByteMultiArray__factories.cpp.o\n'}
[63.090648] (-) TimerEvent: {}
[63.190927] (-) TimerEvent: {}
[63.291230] (-) TimerEvent: {}
[63.391513] (-) TimerEvent: {}
[63.491814] (-) TimerEvent: {}
[63.592163] (-) TimerEvent: {}
[63.693048] (-) TimerEvent: {}
[63.793376] (-) TimerEvent: {}
[63.866715] (ros1_bridge) StdoutLine: {'line': b'[ 22%] Building CXX object CMakeFiles/ros1_bridge.dir/generated/example_interfaces__msg__Empty__factories.cpp.o\n'}
[63.897457] (-) TimerEvent: {}
[63.997704] (-) TimerEvent: {}
[64.097943] (-) TimerEvent: {}
[64.178078] (ros1_bridge) StdoutLine: {'line': b'[ 22%] Building CXX object CMakeFiles/ros1_bridge.dir/generated/example_interfaces__msg__Float32__factories.cpp.o\n'}
[64.198109] (-) TimerEvent: {}
[64.298370] (-) TimerEvent: {}
[64.398620] (-) TimerEvent: {}
[64.498875] (-) TimerEvent: {}
[64.599138] (-) TimerEvent: {}
[64.699387] (-) TimerEvent: {}
[64.799620] (-) TimerEvent: {}
[64.899859] (-) TimerEvent: {}
[65.000100] (-) TimerEvent: {}
[65.100342] (-) TimerEvent: {}
[65.200578] (-) TimerEvent: {}
[65.300838] (-) TimerEvent: {}
[65.401074] (-) TimerEvent: {}
[65.501322] (-) TimerEvent: {}
[65.601569] (-) TimerEvent: {}
[65.701807] (-) TimerEvent: {}
[65.802056] (-) TimerEvent: {}
[65.904097] (-) TimerEvent: {}
[65.924233] (ros1_bridge) StdoutLine: {'line': b'[ 23%] Building CXX object CMakeFiles/ros1_bridge.dir/generated/example_interfaces__msg__Float32MultiArray__factories.cpp.o\n'}
[66.004233] (-) TimerEvent: {}
[66.104530] (-) TimerEvent: {}
[66.204769] (-) TimerEvent: {}
[66.305020] (-) TimerEvent: {}
[66.405265] (-) TimerEvent: {}
[66.505516] (-) TimerEvent: {}
[66.605763] (-) TimerEvent: {}
[66.706006] (-) TimerEvent: {}
[66.806255] (-) TimerEvent: {}
[66.906498] (-) TimerEvent: {}
[67.006743] (-) TimerEvent: {}
[67.106986] (-) TimerEvent: {}
[67.207248] (-) TimerEvent: {}
[67.307521] (-) TimerEvent: {}
[67.407798] (-) TimerEvent: {}
[67.508031] (-) TimerEvent: {}
[67.608268] (-) TimerEvent: {}
[67.708507] (-) TimerEvent: {}
[67.808747] (-) TimerEvent: {}
[67.909003] (-) TimerEvent: {}
[68.009410] (-) TimerEvent: {}
[68.109663] (-) TimerEvent: {}
[68.209913] (-) TimerEvent: {}
[68.310184] (-) TimerEvent: {}
[68.410445] (-) TimerEvent: {}
[68.510686] (-) TimerEvent: {}
[68.611443] (-) TimerEvent: {}
[68.674409] (ros1_bridge) StdoutLine: {'line': b'[ 23%] Building CXX object CMakeFiles/ros1_bridge.dir/generated/example_interfaces__msg__Float64__factories.cpp.o\n'}
[68.711565] (-) TimerEvent: {}
[68.758942] (ros1_bridge) StdoutLine: {'line': b'[ 23%] Building CXX object CMakeFiles/ros1_bridge.dir/generated/example_interfaces__msg__Float64MultiArray__factories.cpp.o\n'}
[68.812157] (-) TimerEvent: {}
[68.912415] (-) TimerEvent: {}
[69.012662] (-) TimerEvent: {}
[69.112912] (-) TimerEvent: {}
[69.213289] (-) TimerEvent: {}
[69.309656] (ros1_bridge) StdoutLine: {'line': b'[ 23%] Building CXX object CMakeFiles/ros1_bridge.dir/generated/example_interfaces__msg__Int16__factories.cpp.o\n'}
[69.313365] (-) TimerEvent: {}
[69.419161] (-) TimerEvent: {}
[69.519410] (-) TimerEvent: {}
[69.619663] (-) TimerEvent: {}
[69.722374] (-) TimerEvent: {}
[69.825873] (-) TimerEvent: {}
[69.926118] (-) TimerEvent: {}
[70.026362] (-) TimerEvent: {}
[70.126621] (-) TimerEvent: {}
[70.226880] (-) TimerEvent: {}
[70.327126] (-) TimerEvent: {}
[70.427376] (-) TimerEvent: {}
[70.527638] (-) TimerEvent: {}
[70.627885] (-) TimerEvent: {}
[70.728129] (-) TimerEvent: {}
[70.829362] (-) TimerEvent: {}
[70.929614] (-) TimerEvent: {}
[71.029876] (-) TimerEvent: {}
[71.130118] (-) TimerEvent: {}
[71.230360] (-) TimerEvent: {}
[71.330990] (-) TimerEvent: {}
[71.431248] (-) TimerEvent: {}
[71.531487] (-) TimerEvent: {}
[71.631725] (-) TimerEvent: {}
[71.731976] (-) TimerEvent: {}
[71.845951] (-) TimerEvent: {}
[71.946234] (-) TimerEvent: {}
[72.046473] (-) TimerEvent: {}
[72.057746] (ros1_bridge) StdoutLine: {'line': b'[ 24%] Building CXX object CMakeFiles/ros1_bridge.dir/generated/example_interfaces__msg__Int16MultiArray__factories.cpp.o\n'}
[72.146603] (-) TimerEvent: {}
[72.239503] (ros1_bridge) StdoutLine: {'line': b'[ 24%] Building CXX object CMakeFiles/ros1_bridge.dir/generated/example_interfaces__msg__Int32__factories.cpp.o\n'}
[72.246719] (-) TimerEvent: {}
[72.346967] (-) TimerEvent: {}
[72.447208] (-) TimerEvent: {}
[72.547442] (-) TimerEvent: {}
[72.647671] (-) TimerEvent: {}
[72.747906] (-) TimerEvent: {}
[72.862974] (-) TimerEvent: {}
[72.963235] (-) TimerEvent: {}
[73.063483] (-) TimerEvent: {}
[73.163727] (-) TimerEvent: {}
[73.227014] (ros1_bridge) StdoutLine: {'line': b'[ 24%] Building CXX object CMakeFiles/ros1_bridge.dir/generated/example_interfaces__msg__Int32MultiArray__factories.cpp.o\n'}
[73.263847] (-) TimerEvent: {}
[73.364092] (-) TimerEvent: {}
[73.464337] (-) TimerEvent: {}
[73.564588] (-) TimerEvent: {}
[73.605869] (ros1_bridge) StdoutLine: {'line': b'[ 25%] Building CXX object CMakeFiles/ros1_bridge.dir/generated/example_interfaces__msg__Int64__factories.cpp.o\n'}
[73.664780] (-) TimerEvent: {}
[73.765020] (-) TimerEvent: {}
[73.865262] (-) TimerEvent: {}
[73.880862] (ros1_bridge) StdoutLine: {'line': b'[ 25%] Building CXX object CMakeFiles/ros1_bridge.dir/generated/example_interfaces__msg__Int64MultiArray__factories.cpp.o\n'}
[73.965375] (-) TimerEvent: {}
[74.065609] (-) TimerEvent: {}
[74.094482] (ros1_bridge) StdoutLine: {'line': b'[ 25%] Building CXX object CMakeFiles/ros1_bridge.dir/generated/example_interfaces__msg__Int8__factories.cpp.o\n'}
[74.165731] (-) TimerEvent: {}
[74.265960] (-) TimerEvent: {}
[74.366179] (-) TimerEvent: {}
[74.466405] (-) TimerEvent: {}
[74.566685] (-) TimerEvent: {}
[74.666909] (-) TimerEvent: {}
[74.701075] (ros1_bridge) StdoutLine: {'line': b'[ 26%] Building CXX object CMakeFiles/ros1_bridge.dir/generated/example_interfaces__msg__Int8MultiArray__factories.cpp.o\n'}
[74.764180] (ros1_bridge) StdoutLine: {'line': b'[ 26%] Building CXX object CMakeFiles/ros1_bridge.dir/generated/example_interfaces__msg__MultiArrayDimension__factories.cpp.o\n'}
[74.767007] (-) TimerEvent: {}
[74.867224] (-) TimerEvent: {}
[74.967450] (-) TimerEvent: {}
[75.067685] (-) TimerEvent: {}
[75.167925] (-) TimerEvent: {}
[75.268158] (-) TimerEvent: {}
[75.368394] (-) TimerEvent: {}
[75.468625] (-) TimerEvent: {}
[75.568862] (-) TimerEvent: {}
[75.669105] (-) TimerEvent: {}
[75.769329] (-) TimerEvent: {}
[75.869553] (-) TimerEvent: {}
[75.916865] (ros1_bridge) StdoutLine: {'line': b'[ 26%] Building CXX object CMakeFiles/ros1_bridge.dir/generated/example_interfaces__msg__MultiArrayLayout__factories.cpp.o\n'}
[75.969706] (-) TimerEvent: {}
[76.069957] (-) TimerEvent: {}
[76.170191] (-) TimerEvent: {}
[76.270415] (-) TimerEvent: {}
[76.370661] (-) TimerEvent: {}
[76.413708] (ros1_bridge) StdoutLine: {'line': b'[ 26%] Building CXX object CMakeFiles/ros1_bridge.dir/generated/example_interfaces__msg__String__factories.cpp.o\n'}
[76.470781] (-) TimerEvent: {}
[76.571039] (-) TimerEvent: {}
[76.671294] (-) TimerEvent: {}
[76.771540] (-) TimerEvent: {}
[76.871785] (-) TimerEvent: {}
[76.972019] (-) TimerEvent: {}
[77.072251] (-) TimerEvent: {}
[77.172484] (-) TimerEvent: {}
[77.272721] (-) TimerEvent: {}
[77.372970] (-) TimerEvent: {}
[77.473212] (-) TimerEvent: {}
[77.509137] (ros1_bridge) StdoutLine: {'line': b'[ 27%] Building CXX object CMakeFiles/ros1_bridge.dir/generated/example_interfaces__msg__UInt16__factories.cpp.o\n'}
[77.521796] (ros1_bridge) StdoutLine: {'line': b'[ 27%] Building CXX object CMakeFiles/ros1_bridge.dir/generated/example_interfaces__msg__UInt16MultiArray__factories.cpp.o\n'}
[77.573334] (-) TimerEvent: {}
[77.673619] (-) TimerEvent: {}
[77.773859] (-) TimerEvent: {}
[77.874087] (-) TimerEvent: {}
[77.974339] (-) TimerEvent: {}
[78.074565] (-) TimerEvent: {}
[78.174799] (-) TimerEvent: {}
[78.275045] (-) TimerEvent: {}
[78.375274] (-) TimerEvent: {}
[78.402989] (ros1_bridge) StdoutLine: {'line': b'[ 27%] Building CXX object CMakeFiles/ros1_bridge.dir/generated/example_interfaces__msg__UInt32__factories.cpp.o\n'}
[78.475393] (-) TimerEvent: {}
[78.575633] (-) TimerEvent: {}
[78.675867] (-) TimerEvent: {}
[78.686278] (ros1_bridge) StdoutLine: {'line': b'[ 28%] Building CXX object CMakeFiles/ros1_bridge.dir/generated/example_interfaces__msg__UInt32MultiArray__factories.cpp.o\n'}
[78.775992] (-) TimerEvent: {}
[78.876231] (ros1_bridge) StdoutLine: {'line': b'[ 28%] Building CXX object CMakeFiles/ros1_bridge.dir/generated/example_interfaces__msg__UInt64__factories.cpp.o\n'}
[78.876581] (-) TimerEvent: {}
[78.976787] (-) TimerEvent: {}
[79.077031] (-) TimerEvent: {}
[79.177269] (-) TimerEvent: {}
[79.231009] (ros1_bridge) StdoutLine: {'line': b'[ 28%] Building CXX object CMakeFiles/ros1_bridge.dir/generated/example_interfaces__msg__UInt64MultiArray__factories.cpp.o\n'}
[79.277381] (-) TimerEvent: {}
[79.377621] (-) TimerEvent: {}
[79.477871] (-) TimerEvent: {}
[79.578119] (-) TimerEvent: {}
[79.678362] (-) TimerEvent: {}
[79.778596] (-) TimerEvent: {}
[79.878900] (-) TimerEvent: {}
[79.979165] (-) TimerEvent: {}
[80.079411] (-) TimerEvent: {}
[80.179654] (-) TimerEvent: {}
[80.279895] (-) TimerEvent: {}
[80.380137] (-) TimerEvent: {}
[80.480550] (-) TimerEvent: {}
[80.580791] (-) TimerEvent: {}
[80.681037] (-) TimerEvent: {}
[80.781292] (-) TimerEvent: {}
[80.881523] (-) TimerEvent: {}
[80.981790] (-) TimerEvent: {}
[81.082037] (-) TimerEvent: {}
[81.182289] (-) TimerEvent: {}
[81.282545] (-) TimerEvent: {}
[81.382808] (-) TimerEvent: {}
[81.483068] (-) TimerEvent: {}
[81.583317] (-) TimerEvent: {}
[81.683594] (-) TimerEvent: {}
[81.783845] (-) TimerEvent: {}
[81.884083] (-) TimerEvent: {}
[81.984336] (-) TimerEvent: {}
[82.084587] (-) TimerEvent: {}
[82.184844] (-) TimerEvent: {}
[82.279656] (ros1_bridge) StdoutLine: {'line': b'[ 28%] Building CXX object CMakeFiles/ros1_bridge.dir/generated/example_interfaces__msg__UInt8__factories.cpp.o\n'}
[82.284964] (-) TimerEvent: {}
[82.385203] (-) TimerEvent: {}
[82.485440] (-) TimerEvent: {}
[82.585689] (-) TimerEvent: {}
[82.685940] (-) TimerEvent: {}
[82.786266] (-) TimerEvent: {}
[82.846141] (ros1_bridge) StdoutLine: {'line': b'[ 29%] Building CXX object CMakeFiles/ros1_bridge.dir/generated/example_interfaces__msg__UInt8MultiArray__factories.cpp.o\n'}
[82.886590] (-) TimerEvent: {}
[82.986837] (-) TimerEvent: {}
[83.087246] (-) TimerEvent: {}
[83.187490] (-) TimerEvent: {}
[83.287732] (-) TimerEvent: {}
[83.387973] (-) TimerEvent: {}
[83.488218] (-) TimerEvent: {}
[83.588455] (-) TimerEvent: {}
[83.639730] (ros1_bridge) StdoutLine: {'line': b'[ 29%] Building CXX object CMakeFiles/ros1_bridge.dir/generated/example_interfaces__msg__WString__factories.cpp.o\n'}
[83.688618] (-) TimerEvent: {}
[83.788868] (-) TimerEvent: {}
[83.889102] (-) TimerEvent: {}
[83.989409] (-) TimerEvent: {}
[84.066447] (ros1_bridge) StdoutLine: {'line': b'[ 29%] Building CXX object CMakeFiles/ros1_bridge.dir/generated/example_interfaces__srv__AddTwoInts__factories.cpp.o\n'}
[84.089535] (-) TimerEvent: {}
[84.189773] (-) TimerEvent: {}
[84.290014] (-) TimerEvent: {}
[84.394070] (-) TimerEvent: {}
[84.488401] (ros1_bridge) StdoutLine: {'line': b'[ 30%] Building CXX object CMakeFiles/ros1_bridge.dir/generated/example_interfaces__srv__SetBool__factories.cpp.o\n'}
[84.494180] (-) TimerEvent: {}
[84.543749] (ros1_bridge) StdoutLine: {'line': b'[ 30%] Building CXX object CMakeFiles/ros1_bridge.dir/generated/example_interfaces__srv__Trigger__factories.cpp.o\n'}
[84.594322] (-) TimerEvent: {}
[84.694571] (-) TimerEvent: {}
[84.794855] (-) TimerEvent: {}
[84.895086] (-) TimerEvent: {}
[84.995330] (-) TimerEvent: {}
[85.084019] (ros1_bridge) StdoutLine: {'line': b'[ 30%] Building CXX object CMakeFiles/ros1_bridge.dir/generated/geometry_msgs_factories.cpp.o\n'}
[85.095495] (-) TimerEvent: {}
[85.195771] (-) TimerEvent: {}
[85.296011] (-) TimerEvent: {}
[85.396241] (-) TimerEvent: {}
[85.496471] (-) TimerEvent: {}
[85.596701] (-) TimerEvent: {}
[85.696941] (-) TimerEvent: {}
[85.797162] (-) TimerEvent: {}
[85.897419] (-) TimerEvent: {}
[85.997645] (-) TimerEvent: {}
[86.000931] (ros1_bridge) StdoutLine: {'line': b'[ 31%] Building CXX object CMakeFiles/ros1_bridge.dir/generated/geometry_msgs__msg__Accel__factories.cpp.o\n'}
[86.097757] (-) TimerEvent: {}
[86.197991] (-) TimerEvent: {}
[86.298212] (-) TimerEvent: {}
[86.341990] (ros1_bridge) StdoutLine: {'line': b'[ 31%] Building CXX object CMakeFiles/ros1_bridge.dir/generated/geometry_msgs__msg__AccelStamped__factories.cpp.o\n'}
[86.398323] (-) TimerEvent: {}
[86.498547] (-) TimerEvent: {}
[86.598798] (-) TimerEvent: {}
[86.699073] (-) TimerEvent: {}
[86.799321] (-) TimerEvent: {}
[86.900566] (-) TimerEvent: {}
[87.000820] (-) TimerEvent: {}
[87.101084] (-) TimerEvent: {}
[87.152050] (ros1_bridge) StdoutLine: {'line': b'[ 31%] Building CXX object CMakeFiles/ros1_bridge.dir/generated/geometry_msgs__msg__AccelWithCovariance__factories.cpp.o\n'}
[87.201204] (-) TimerEvent: {}
[87.301447] (-) TimerEvent: {}
[87.401673] (-) TimerEvent: {}
[87.501907] (-) TimerEvent: {}
[87.602162] (-) TimerEvent: {}
[87.702402] (-) TimerEvent: {}
[87.802633] (-) TimerEvent: {}
[87.902867] (-) TimerEvent: {}
[88.003118] (-) TimerEvent: {}
[88.103354] (-) TimerEvent: {}
[88.203585] (-) TimerEvent: {}
[88.303812] (-) TimerEvent: {}
[88.404056] (-) TimerEvent: {}
[88.478928] (ros1_bridge) StdoutLine: {'line': b'[ 31%] Building CXX object CMakeFiles/ros1_bridge.dir/generated/geometry_msgs__msg__AccelWithCovarianceStamped__factories.cpp.o\n'}
[88.504205] (-) TimerEvent: {}
[88.530928] (ros1_bridge) StdoutLine: {'line': b'[ 32%] Building CXX object CMakeFiles/ros1_bridge.dir/generated/geometry_msgs__msg__Inertia__factories.cpp.o\n'}
[88.604325] (-) TimerEvent: {}
[88.704892] (-) TimerEvent: {}
[88.808124] (-) TimerEvent: {}
[88.810404] (ros1_bridge) StdoutLine: {'line': b'[ 32%] Building CXX object CMakeFiles/ros1_bridge.dir/generated/geometry_msgs__msg__InertiaStamped__factories.cpp.o\n'}
[88.894483] (ros1_bridge) StdoutLine: {'line': b'[ 32%] Building CXX object CMakeFiles/ros1_bridge.dir/generated/geometry_msgs__msg__Point__factories.cpp.o\n'}
[88.908298] (-) TimerEvent: {}
[89.008538] (-) TimerEvent: {}
[89.076763] (ros1_bridge) StdoutLine: {'line': b'[ 33%] Building CXX object CMakeFiles/ros1_bridge.dir/generated/geometry_msgs__msg__Point32__factories.cpp.o\n'}
[89.108674] (-) TimerEvent: {}
[89.208921] (-) TimerEvent: {}
[89.309154] (-) TimerEvent: {}
[89.409427] (-) TimerEvent: {}
[89.509674] (-) TimerEvent: {}
[89.609929] (-) TimerEvent: {}
[89.710170] (-) TimerEvent: {}
[89.810400] (-) TimerEvent: {}
[89.910638] (-) TimerEvent: {}
[90.010877] (-) TimerEvent: {}
[90.089699] (ros1_bridge) StdoutLine: {'line': b'[ 33%] Building CXX object CMakeFiles/ros1_bridge.dir/generated/geometry_msgs__msg__PointStamped__factories.cpp.o\n'}
[90.111007] (-) TimerEvent: {}
[90.211247] (-) TimerEvent: {}
[90.311482] (-) TimerEvent: {}
[90.411719] (-) TimerEvent: {}
[90.511957] (-) TimerEvent: {}
[90.612191] (-) TimerEvent: {}
[90.712438] (-) TimerEvent: {}
[90.812858] (-) TimerEvent: {}
[90.915057] (-) TimerEvent: {}
[91.015293] (-) TimerEvent: {}
[91.115533] (-) TimerEvent: {}
[91.215770] (-) TimerEvent: {}
[91.316114] (-) TimerEvent: {}
[91.416355] (-) TimerEvent: {}
[91.516607] (-) TimerEvent: {}
[91.616874] (-) TimerEvent: {}
[91.717120] (-) TimerEvent: {}
[91.817364] (-) TimerEvent: {}
[91.918707] (-) TimerEvent: {}
[92.018981] (-) TimerEvent: {}
[92.119219] (-) TimerEvent: {}
[92.219446] (-) TimerEvent: {}
[92.317322] (ros1_bridge) StdoutLine: {'line': b'[ 33%] Building CXX object CMakeFiles/ros1_bridge.dir/generated/geometry_msgs__msg__Polygon__factories.cpp.o\n'}
[92.319542] (-) TimerEvent: {}
[92.419767] (-) TimerEvent: {}
[92.520005] (-) TimerEvent: {}
[92.620228] (-) TimerEvent: {}
[92.720458] (-) TimerEvent: {}
[92.820694] (-) TimerEvent: {}
[92.924849] (-) TimerEvent: {}
[93.000031] (ros1_bridge) StdoutLine: {'line': b'[ 33%] Building CXX object CMakeFiles/ros1_bridge.dir/generated/geometry_msgs__msg__PolygonInstance__factories.cpp.o\n'}
[93.024968] (-) TimerEvent: {}
[93.125204] (-) TimerEvent: {}
[93.225432] (-) TimerEvent: {}
[93.325674] (-) TimerEvent: {}
[93.425907] (-) TimerEvent: {}
[93.501561] (ros1_bridge) StdoutLine: {'line': b'[ 34%] Building CXX object CMakeFiles/ros1_bridge.dir/generated/geometry_msgs__msg__PolygonInstanceStamped__factories.cpp.o\n'}
[93.526030] (-) TimerEvent: {}
[93.626275] (-) TimerEvent: {}
[93.726496] (-) TimerEvent: {}
[93.826725] (-) TimerEvent: {}
[93.926964] (-) TimerEvent: {}
[94.027200] (-) TimerEvent: {}
[94.127432] (-) TimerEvent: {}
[94.227666] (-) TimerEvent: {}
[94.327892] (-) TimerEvent: {}
[94.428120] (-) TimerEvent: {}
[94.528399] (-) TimerEvent: {}
[94.628640] (-) TimerEvent: {}
[94.728876] (-) TimerEvent: {}
[94.829113] (-) TimerEvent: {}
[94.929341] (-) TimerEvent: {}
[94.931287] (ros1_bridge) StdoutLine: {'line': b'[ 34%] Building CXX object CMakeFiles/ros1_bridge.dir/generated/geometry_msgs__msg__PolygonStamped__factories.cpp.o\n'}
[94.995163] (ros1_bridge) StdoutLine: {'line': b'[ 34%] Building CXX object CMakeFiles/ros1_bridge.dir/generated/geometry_msgs__msg__Pose__factories.cpp.o\n'}
[95.029475] (-) TimerEvent: {}
[95.129729] (-) TimerEvent: {}
[95.229971] (-) TimerEvent: {}
[95.330229] (-) TimerEvent: {}
[95.430470] (-) TimerEvent: {}
[95.539098] (-) TimerEvent: {}
[95.639346] (-) TimerEvent: {}
[95.739598] (-) TimerEvent: {}
[95.839838] (-) TimerEvent: {}
[95.940083] (-) TimerEvent: {}
[96.040346] (-) TimerEvent: {}
[96.140585] (-) TimerEvent: {}
[96.240825] (-) TimerEvent: {}
[96.341789] (-) TimerEvent: {}
[96.408973] (ros1_bridge) StdoutLine: {'line': b'[ 35%] Building CXX object CMakeFiles/ros1_bridge.dir/generated/geometry_msgs__msg__Pose2D__factories.cpp.o\n'}
[96.441930] (-) TimerEvent: {}
[96.542187] (-) TimerEvent: {}
[96.642423] (-) TimerEvent: {}
[96.742680] (-) TimerEvent: {}
[96.842929] (-) TimerEvent: {}
[96.943166] (-) TimerEvent: {}
[97.043423] (-) TimerEvent: {}
[97.143681] (-) TimerEvent: {}
[97.243924] (-) TimerEvent: {}
[97.344177] (-) TimerEvent: {}
[97.444431] (-) TimerEvent: {}
[97.544674] (-) TimerEvent: {}
[97.644926] (-) TimerEvent: {}
[97.745206] (-) TimerEvent: {}
[97.845519] (-) TimerEvent: {}
[97.945770] (-) TimerEvent: {}
[98.046667] (-) TimerEvent: {}
[98.146923] (-) TimerEvent: {}
[98.247307] (-) TimerEvent: {}
[98.347635] (-) TimerEvent: {}
[98.447888] (-) TimerEvent: {}
[98.548128] (-) TimerEvent: {}
[98.649711] (-) TimerEvent: {}
[98.750034] (-) TimerEvent: {}
[98.775586] (ros1_bridge) StdoutLine: {'line': b'[ 35%] Building CXX object CMakeFiles/ros1_bridge.dir/generated/geometry_msgs__msg__PoseArray__factories.cpp.o\n'}
[98.850232] (-) TimerEvent: {}
[98.950564] (-) TimerEvent: {}
[99.050814] (-) TimerEvent: {}
[99.151893] (-) TimerEvent: {}
[99.252135] (-) TimerEvent: {}
[99.352384] (-) TimerEvent: {}
[99.452646] (-) TimerEvent: {}
[99.552967] (-) TimerEvent: {}
[99.653204] (-) TimerEvent: {}
[99.753451] (-) TimerEvent: {}
[99.853740] (-) TimerEvent: {}
[99.954054] (-) TimerEvent: {}
[100.054564] (-) TimerEvent: {}
[100.155372] (-) TimerEvent: {}
[100.255613] (-) TimerEvent: {}
[100.355922] (-) TimerEvent: {}
[100.456152] (-) TimerEvent: {}
[100.556390] (-) TimerEvent: {}
[100.656688] (-) TimerEvent: {}
[100.756940] (-) TimerEvent: {}
[100.857191] (-) TimerEvent: {}
[100.957760] (-) TimerEvent: {}
[101.058035] (-) TimerEvent: {}
[101.158302] (-) TimerEvent: {}
[101.258809] (-) TimerEvent: {}
[101.359081] (-) TimerEvent: {}
[101.459333] (-) TimerEvent: {}
[101.559643] (-) TimerEvent: {}
[101.659917] (-) TimerEvent: {}
[101.760164] (-) TimerEvent: {}
[101.860401] (-) TimerEvent: {}
[101.960654] (-) TimerEvent: {}
[102.071673] (-) TimerEvent: {}
[102.171913] (-) TimerEvent: {}
[102.272196] (-) TimerEvent: {}
[102.372557] (-) TimerEvent: {}
[102.472832] (-) TimerEvent: {}
[102.573152] (-) TimerEvent: {}
[102.673440] (-) TimerEvent: {}
[102.773693] (-) TimerEvent: {}
[102.873951] (-) TimerEvent: {}
[102.974201] (-) TimerEvent: {}
[103.035656] (ros1_bridge) StdoutLine: {'line': b'[ 35%] Building CXX object CMakeFiles/ros1_bridge.dir/generated/geometry_msgs__msg__PoseStamped__factories.cpp.o\n'}
[103.074324] (-) TimerEvent: {}
[103.174685] (-) TimerEvent: {}
[103.291214] (-) TimerEvent: {}
[103.391435] (-) TimerEvent: {}
[103.491653] (-) TimerEvent: {}
[103.591879] (-) TimerEvent: {}
[103.692106] (-) TimerEvent: {}
[103.792360] (-) TimerEvent: {}
[103.815416] (ros1_bridge) StdoutLine: {'line': b'[ 36%] Building CXX object CMakeFiles/ros1_bridge.dir/generated/geometry_msgs__msg__PoseWithCovariance__factories.cpp.o\n'}
[103.892456] (-) TimerEvent: {}
[103.992785] (-) TimerEvent: {}
[104.093020] (-) TimerEvent: {}
[104.193246] (-) TimerEvent: {}
[104.293702] (-) TimerEvent: {}
[104.393962] (-) TimerEvent: {}
[104.494198] (-) TimerEvent: {}
[104.594441] (-) TimerEvent: {}
[104.694680] (-) TimerEvent: {}
[104.794930] (-) TimerEvent: {}
[104.903755] (-) TimerEvent: {}
[105.004008] (-) TimerEvent: {}
[105.104244] (-) TimerEvent: {}
[105.204485] (-) TimerEvent: {}
[105.304742] (-) TimerEvent: {}
[105.404981] (-) TimerEvent: {}
[105.505205] (-) TimerEvent: {}
[105.605552] (-) TimerEvent: {}
[105.705775] (-) TimerEvent: {}
[105.805995] (-) TimerEvent: {}
[105.906218] (-) TimerEvent: {}
[106.006445] (-) TimerEvent: {}
[106.106673] (-) TimerEvent: {}
[106.206911] (-) TimerEvent: {}
[106.307172] (-) TimerEvent: {}
[106.407410] (-) TimerEvent: {}
[106.507638] (-) TimerEvent: {}
[106.607868] (-) TimerEvent: {}
[106.708107] (-) TimerEvent: {}
[106.808339] (-) TimerEvent: {}
[106.908574] (-) TimerEvent: {}
[107.008824] (-) TimerEvent: {}
[107.109062] (-) TimerEvent: {}
[107.209305] (-) TimerEvent: {}
[107.309546] (-) TimerEvent: {}
[107.409820] (-) TimerEvent: {}
[107.510052] (-) TimerEvent: {}
[107.610627] (-) TimerEvent: {}
[107.710879] (-) TimerEvent: {}
[107.811081] (-) TimerEvent: {}
[107.911653] (-) TimerEvent: {}
[108.011989] (-) TimerEvent: {}
[108.112387] (-) TimerEvent: {}
[108.212627] (-) TimerEvent: {}
[108.312850] (-) TimerEvent: {}
[108.413079] (-) TimerEvent: {}
[108.513313] (-) TimerEvent: {}
[108.613661] (-) TimerEvent: {}
[108.713908] (-) TimerEvent: {}
[108.814296] (-) TimerEvent: {}
[108.914671] (-) TimerEvent: {}
[109.014902] (-) TimerEvent: {}
[109.115211] (-) TimerEvent: {}
[109.215480] (-) TimerEvent: {}
[109.315717] (-) TimerEvent: {}
[109.415946] (-) TimerEvent: {}
[109.516201] (-) TimerEvent: {}
[109.616451] (-) TimerEvent: {}
[109.716682] (-) TimerEvent: {}
[109.816906] (-) TimerEvent: {}
[109.917135] (-) TimerEvent: {}
[109.967948] (ros1_bridge) StdoutLine: {'line': b'[ 36%] Building CXX object CMakeFiles/ros1_bridge.dir/generated/geometry_msgs__msg__PoseWithCovarianceStamped__factories.cpp.o\n'}
[110.017242] (-) TimerEvent: {}
[110.117465] (-) TimerEvent: {}
[110.169970] (ros1_bridge) StdoutLine: {'line': b'[ 36%] Building CXX object CMakeFiles/ros1_bridge.dir/generated/geometry_msgs__msg__Quaternion__factories.cpp.o\n'}
[110.217622] (-) TimerEvent: {}
[110.317878] (-) TimerEvent: {}
[110.418142] (-) TimerEvent: {}
[110.518398] (-) TimerEvent: {}
[110.618629] (-) TimerEvent: {}
[110.718926] (-) TimerEvent: {}
[110.819175] (-) TimerEvent: {}
[110.919410] (-) TimerEvent: {}
[111.019658] (-) TimerEvent: {}
[111.119903] (-) TimerEvent: {}
[111.220197] (-) TimerEvent: {}
[111.320423] (-) TimerEvent: {}
[111.422237] (-) TimerEvent: {}
[111.522499] (-) TimerEvent: {}
[111.622724] (-) TimerEvent: {}
[111.689619] (ros1_bridge) StdoutLine: {'line': b'[ 36%] Building CXX object CMakeFiles/ros1_bridge.dir/generated/geometry_msgs__msg__QuaternionStamped__factories.cpp.o\n'}
[111.722850] (-) TimerEvent: {}
[111.823098] (-) TimerEvent: {}
[111.923330] (-) TimerEvent: {}
[112.023653] (-) TimerEvent: {}
[112.115900] (ros1_bridge) StdoutLine: {'line': b'[ 37%] Building CXX object CMakeFiles/ros1_bridge.dir/generated/geometry_msgs__msg__Transform__factories.cpp.o\n'}
[112.123698] (-) TimerEvent: {}
[112.223946] (-) TimerEvent: {}
[112.324190] (-) TimerEvent: {}
[112.424428] (-) TimerEvent: {}
[112.524658] (-) TimerEvent: {}
[112.625003] (-) TimerEvent: {}
[112.725249] (-) TimerEvent: {}
[112.825492] (-) TimerEvent: {}
[112.920566] (ros1_bridge) StdoutLine: {'line': b'[ 37%] Building CXX object CMakeFiles/ros1_bridge.dir/generated/geometry_msgs__msg__TransformStamped__factories.cpp.o\n'}
[112.928882] (-) TimerEvent: {}
[113.029120] (-) TimerEvent: {}
[113.129344] (-) TimerEvent: {}
[113.176246] (ros1_bridge) StdoutLine: {'line': b'[ 37%] Building CXX object CMakeFiles/ros1_bridge.dir/generated/geometry_msgs__msg__Twist__factories.cpp.o\n'}
[113.229462] (-) TimerEvent: {}
[113.291652] (ros1_bridge) StdoutLine: {'line': b'[ 38%] Building CXX object CMakeFiles/ros1_bridge.dir/generated/geometry_msgs__msg__TwistStamped__factories.cpp.o\n'}
[113.329589] (-) TimerEvent: {}
[113.429826] (-) TimerEvent: {}
[113.530064] (-) TimerEvent: {}
[113.630304] (-) TimerEvent: {}
[113.730549] (-) TimerEvent: {}
[113.830810] (-) TimerEvent: {}
[113.848792] (ros1_bridge) StdoutLine: {'line': b'[ 38%] Building CXX object CMakeFiles/ros1_bridge.dir/generated/geometry_msgs__msg__TwistWithCovariance__factories.cpp.o\n'}
[113.930927] (-) TimerEvent: {}
[114.031189] (-) TimerEvent: {}
[114.131423] (-) TimerEvent: {}
[114.231661] (-) TimerEvent: {}
[114.331890] (-) TimerEvent: {}
[114.432116] (-) TimerEvent: {}
[114.532359] (-) TimerEvent: {}
[114.632603] (-) TimerEvent: {}
[114.732837] (-) TimerEvent: {}
[114.833343] (-) TimerEvent: {}
[114.933589] (-) TimerEvent: {}
[115.033827] (-) TimerEvent: {}
[115.134071] (-) TimerEvent: {}
[115.234305] (-) TimerEvent: {}
[115.296679] (ros1_bridge) StdoutLine: {'line': b'[ 38%] Building CXX object CMakeFiles/ros1_bridge.dir/generated/geometry_msgs__msg__TwistWithCovarianceStamped__factories.cpp.o\n'}
[115.334426] (-) TimerEvent: {}
[115.434654] (-) TimerEvent: {}
[115.534890] (-) TimerEvent: {}
[115.635086] (-) TimerEvent: {}
[115.735320] (-) TimerEvent: {}
[115.835556] (-) TimerEvent: {}
[115.935794] (-) TimerEvent: {}
[116.036034] (-) TimerEvent: {}
[116.136278] (-) TimerEvent: {}
[116.236622] (-) TimerEvent: {}
[116.336886] (-) TimerEvent: {}
[116.437126] (-) TimerEvent: {}
[116.537369] (-) TimerEvent: {}
[116.637610] (-) TimerEvent: {}
[116.737926] (-) TimerEvent: {}
[116.838157] (-) TimerEvent: {}
[116.938398] (-) TimerEvent: {}
[116.941396] (ros1_bridge) StdoutLine: {'line': b'[ 38%] Building CXX object CMakeFiles/ros1_bridge.dir/generated/geometry_msgs__msg__Vector3__factories.cpp.o\n'}
[117.038545] (-) TimerEvent: {}
[117.138808] (-) TimerEvent: {}
[117.239094] (-) TimerEvent: {}
[117.339369] (-) TimerEvent: {}
[117.439626] (-) TimerEvent: {}
[117.544330] (-) TimerEvent: {}
[117.644569] (-) TimerEvent: {}
[117.744822] (-) TimerEvent: {}
[117.845067] (-) TimerEvent: {}
[117.945302] (-) TimerEvent: {}
[118.045534] (-) TimerEvent: {}
[118.145760] (-) TimerEvent: {}
[118.245994] (-) TimerEvent: {}
[118.346329] (-) TimerEvent: {}
[118.446594] (-) TimerEvent: {}
[118.546832] (-) TimerEvent: {}
[118.647072] (-) TimerEvent: {}
[118.747312] (-) TimerEvent: {}
[118.799798] (ros1_bridge) StdoutLine: {'line': b'[ 39%] Building CXX object CMakeFiles/ros1_bridge.dir/generated/geometry_msgs__msg__Vector3Stamped__factories.cpp.o\n'}
[118.847435] (-) TimerEvent: {}
[118.947678] (-) TimerEvent: {}
[119.047914] (-) TimerEvent: {}
[119.148145] (-) TimerEvent: {}
[119.248386] (-) TimerEvent: {}
[119.349034] (-) TimerEvent: {}
[119.449272] (-) TimerEvent: {}
[119.549509] (-) TimerEvent: {}
[119.649750] (-) TimerEvent: {}
[119.750012] (-) TimerEvent: {}
[119.850935] (-) TimerEvent: {}
[119.873991] (ros1_bridge) StdoutLine: {'line': b'[ 39%] Building CXX object CMakeFiles/ros1_bridge.dir/generated/geometry_msgs__msg__VelocityStamped__factories.cpp.o\n'}
[119.951063] (-) TimerEvent: {}
[120.051310] (-) TimerEvent: {}
[120.151574] (-) TimerEvent: {}
[120.251825] (-) TimerEvent: {}
[120.352058] (-) TimerEvent: {}
[120.452299] (-) TimerEvent: {}
[120.552557] (-) TimerEvent: {}
[120.652801] (-) TimerEvent: {}
[120.753033] (-) TimerEvent: {}
[120.853286] (-) TimerEvent: {}
[120.953519] (-) TimerEvent: {}
[121.053746] (-) TimerEvent: {}
[121.153978] (-) TimerEvent: {}
[121.254210] (-) TimerEvent: {}
[121.354454] (-) TimerEvent: {}
[121.454692] (-) TimerEvent: {}
[121.554959] (-) TimerEvent: {}
[121.655243] (-) TimerEvent: {}
[121.755479] (-) TimerEvent: {}
[121.837069] (ros1_bridge) StdoutLine: {'line': b'[ 39%] Building CXX object CMakeFiles/ros1_bridge.dir/generated/geometry_msgs__msg__Wrench__factories.cpp.o\n'}
[121.855597] (-) TimerEvent: {}
[121.955840] (-) TimerEvent: {}
[122.056081] (-) TimerEvent: {}
[122.156315] (-) TimerEvent: {}
[122.256548] (-) TimerEvent: {}
[122.356776] (-) TimerEvent: {}
[122.457014] (-) TimerEvent: {}
[122.557259] (-) TimerEvent: {}
[122.657516] (-) TimerEvent: {}
[122.757764] (-) TimerEvent: {}
[122.858009] (-) TimerEvent: {}
[122.958252] (-) TimerEvent: {}
[123.058502] (-) TimerEvent: {}
[123.158760] (-) TimerEvent: {}
[123.259022] (-) TimerEvent: {}
[123.359273] (-) TimerEvent: {}
[123.459524] (-) TimerEvent: {}
[123.559778] (-) TimerEvent: {}
[123.660037] (-) TimerEvent: {}
[123.760283] (-) TimerEvent: {}
[123.860536] (-) TimerEvent: {}
[123.960773] (-) TimerEvent: {}
[124.061029] (-) TimerEvent: {}
[124.161272] (-) TimerEvent: {}
[124.261528] (-) TimerEvent: {}
[124.361775] (-) TimerEvent: {}
[124.462023] (-) TimerEvent: {}
[124.562325] (-) TimerEvent: {}
[124.662587] (-) TimerEvent: {}
[124.762839] (-) TimerEvent: {}
[124.854397] (ros1_bridge) StdoutLine: {'line': b'[ 40%] Building CXX object CMakeFiles/ros1_bridge.dir/generated/geometry_msgs__msg__WrenchStamped__factories.cpp.o\n'}
[124.862964] (-) TimerEvent: {}
[124.963215] (-) TimerEvent: {}
[125.063465] (-) TimerEvent: {}
[125.163715] (-) TimerEvent: {}
[125.263952] (-) TimerEvent: {}
[125.364200] (-) TimerEvent: {}
[125.464452] (-) TimerEvent: {}
[125.564694] (-) TimerEvent: {}
[125.664938] (-) TimerEvent: {}
[125.765190] (-) TimerEvent: {}
[125.865842] (-) TimerEvent: {}
[125.966086] (-) TimerEvent: {}
[126.066326] (-) TimerEvent: {}
[126.166569] (-) TimerEvent: {}
[126.266815] (-) TimerEvent: {}
[126.367071] (-) TimerEvent: {}
[126.467317] (-) TimerEvent: {}
[126.567564] (-) TimerEvent: {}
[126.667838] (-) TimerEvent: {}
[126.768095] (-) TimerEvent: {}
[126.868355] (-) TimerEvent: {}
[126.968607] (-) TimerEvent: {}
[127.068977] (-) TimerEvent: {}
[127.169230] (-) TimerEvent: {}
[127.211913] (ros1_bridge) StdoutLine: {'line': b'[ 40%] Building CXX object CMakeFiles/ros1_bridge.dir/generated/lifecycle_msgs_factories.cpp.o\n'}
[127.269363] (-) TimerEvent: {}
[127.369617] (-) TimerEvent: {}
[127.469867] (-) TimerEvent: {}
[127.570162] (-) TimerEvent: {}
[127.670402] (-) TimerEvent: {}
[127.770652] (-) TimerEvent: {}
[127.870902] (-) TimerEvent: {}
[127.971154] (-) TimerEvent: {}
[128.071428] (-) TimerEvent: {}
[128.171665] (-) TimerEvent: {}
[128.271999] (-) TimerEvent: {}
[128.372617] (-) TimerEvent: {}
[128.427426] (ros1_bridge) StdoutLine: {'line': b'[ 40%] Building CXX object CMakeFiles/ros1_bridge.dir/generated/lifecycle_msgs__msg__State__factories.cpp.o\n'}
[128.479840] (-) TimerEvent: {}
[128.580084] (-) TimerEvent: {}
[128.680331] (-) TimerEvent: {}
[128.780560] (-) TimerEvent: {}
[128.880814] (-) TimerEvent: {}
[128.981074] (-) TimerEvent: {}
[129.081326] (-) TimerEvent: {}
[129.181792] (-) TimerEvent: {}
[129.282049] (-) TimerEvent: {}
[129.382286] (-) TimerEvent: {}
[129.482521] (-) TimerEvent: {}
[129.582753] (-) TimerEvent: {}
[129.682988] (-) TimerEvent: {}
[129.783216] (-) TimerEvent: {}
[129.883441] (-) TimerEvent: {}
[129.983678] (-) TimerEvent: {}
[130.083908] (-) TimerEvent: {}
[130.184137] (-) TimerEvent: {}
[130.284364] (-) TimerEvent: {}
[130.384594] (-) TimerEvent: {}
[130.484818] (-) TimerEvent: {}
[130.585061] (-) TimerEvent: {}
[130.685253] (-) TimerEvent: {}
[130.785481] (-) TimerEvent: {}
[130.885716] (-) TimerEvent: {}
[130.986273] (-) TimerEvent: {}
[130.986685] (ros1_bridge) StdoutLine: {'line': b'[ 41%] Building CXX object CMakeFiles/ros1_bridge.dir/generated/lifecycle_msgs__msg__Transition__factories.cpp.o\n'}
[131.086393] (-) TimerEvent: {}
[131.186635] (-) TimerEvent: {}
[131.286872] (-) TimerEvent: {}
[131.387089] (-) TimerEvent: {}
[131.487321] (-) TimerEvent: {}
[131.587564] (-) TimerEvent: {}
[131.687809] (-) TimerEvent: {}
[131.788039] (-) TimerEvent: {}
[131.888275] (-) TimerEvent: {}
[131.988520] (-) TimerEvent: {}
[132.088755] (-) TimerEvent: {}
[132.188994] (-) TimerEvent: {}
[132.289232] (-) TimerEvent: {}
[132.389476] (-) TimerEvent: {}
[132.489727] (-) TimerEvent: {}
[132.589964] (-) TimerEvent: {}
[132.690196] (-) TimerEvent: {}
[132.790527] (-) TimerEvent: {}
[132.890764] (-) TimerEvent: {}
[132.990990] (-) TimerEvent: {}
[133.091225] (-) TimerEvent: {}
[133.191448] (-) TimerEvent: {}
[133.291682] (-) TimerEvent: {}
[133.391916] (-) TimerEvent: {}
[133.492146] (-) TimerEvent: {}
[133.592369] (-) TimerEvent: {}
[133.692594] (-) TimerEvent: {}
[133.792828] (-) TimerEvent: {}
[133.893063] (-) TimerEvent: {}
[133.993295] (-) TimerEvent: {}
[134.093536] (-) TimerEvent: {}
[134.193769] (-) TimerEvent: {}
[134.294008] (-) TimerEvent: {}
[134.394238] (-) TimerEvent: {}
[134.494473] (-) TimerEvent: {}
[134.594730] (-) TimerEvent: {}
[134.694975] (-) TimerEvent: {}
[134.752607] (ros1_bridge) StdoutLine: {'line': b'[ 41%] Building CXX object CMakeFiles/ros1_bridge.dir/generated/lifecycle_msgs__msg__TransitionDescription__factories.cpp.o\n'}
[134.795089] (-) TimerEvent: {}
[134.895330] (-) TimerEvent: {}
[134.995589] (-) TimerEvent: {}
[135.095825] (-) TimerEvent: {}
[135.196070] (-) TimerEvent: {}
[135.296318] (-) TimerEvent: {}
[135.396561] (-) TimerEvent: {}
[135.496844] (-) TimerEvent: {}
[135.597074] (-) TimerEvent: {}
[135.697324] (-) TimerEvent: {}
[135.701244] (ros1_bridge) StdoutLine: {'line': b'[ 41%] Building CXX object CMakeFiles/ros1_bridge.dir/generated/lifecycle_msgs__msg__TransitionEvent__factories.cpp.o\n'}
[135.747925] (ros1_bridge) StdoutLine: {'line': b'[ 41%] Building CXX object CMakeFiles/ros1_bridge.dir/generated/lifecycle_msgs__srv__ChangeState__factories.cpp.o\n'}
[135.797443] (-) TimerEvent: {}
[135.897799] (-) TimerEvent: {}
[135.998026] (-) TimerEvent: {}
[136.098250] (-) TimerEvent: {}
[136.197629] (ros1_bridge) StdoutLine: {'line': b'[ 42%] Building CXX object CMakeFiles/ros1_bridge.dir/generated/lifecycle_msgs__srv__GetAvailableStates__factories.cpp.o\n'}
[136.198314] (-) TimerEvent: {}
[136.298495] (-) TimerEvent: {}
[136.398827] (-) TimerEvent: {}
[136.499066] (-) TimerEvent: {}
[136.561730] (ros1_bridge) StdoutLine: {'line': b'[ 42%] Building CXX object CMakeFiles/ros1_bridge.dir/generated/lifecycle_msgs__srv__GetAvailableTransitions__factories.cpp.o\n'}
[136.599685] (-) TimerEvent: {}
[136.602381] (ros1_bridge) StdoutLine: {'line': b'[ 42%] Building CXX object CMakeFiles/ros1_bridge.dir/generated/lifecycle_msgs__srv__GetState__factories.cpp.o\n'}
[136.699806] (-) TimerEvent: {}
[136.800033] (-) TimerEvent: {}
[136.847966] (ros1_bridge) StdoutLine: {'line': b'[ 43%] Building CXX object CMakeFiles/ros1_bridge.dir/generated/logging_demo_factories.cpp.o\n'}
[136.900151] (-) TimerEvent: {}
[137.000375] (-) TimerEvent: {}
[137.100600] (-) TimerEvent: {}
[137.200817] (-) TimerEvent: {}
[137.301059] (-) TimerEvent: {}
[137.401306] (-) TimerEvent: {}
[137.439007] (ros1_bridge) StdoutLine: {'line': b'[ 43%] Building CXX object CMakeFiles/ros1_bridge.dir/generated/logging_demo__srv__ConfigLogger__factories.cpp.o\n'}
[137.501429] (-) TimerEvent: {}
[137.601674] (-) TimerEvent: {}
[137.701908] (-) TimerEvent: {}
[137.802146] (-) TimerEvent: {}
[137.902374] (-) TimerEvent: {}
[138.002609] (-) TimerEvent: {}
[138.102894] (-) TimerEvent: {}
[138.203332] (-) TimerEvent: {}
[138.303570] (-) TimerEvent: {}
[138.403792] (-) TimerEvent: {}
[138.504024] (-) TimerEvent: {}
[138.604250] (-) TimerEvent: {}
[138.704487] (-) TimerEvent: {}
[138.746088] (ros1_bridge) StdoutLine: {'line': b'[ 43%] Building CXX object CMakeFiles/ros1_bridge.dir/generated/map_msgs_factories.cpp.o\n'}
[138.808247] (-) TimerEvent: {}
[138.896405] (ros1_bridge) StdoutLine: {'line': b'[ 43%] Building CXX object CMakeFiles/ros1_bridge.dir/generated/map_msgs__msg__OccupancyGridUpdate__factories.cpp.o\n'}
[138.898908] (ros1_bridge) StdoutLine: {'line': b'[ 44%] Building CXX object CMakeFiles/ros1_bridge.dir/generated/map_msgs__msg__PointCloud2Update__factories.cpp.o\n'}
[138.910176] (-) TimerEvent: {}
[139.010420] (-) TimerEvent: {}
[139.110691] (-) TimerEvent: {}
[139.210929] (-) TimerEvent: {}
[139.311196] (-) TimerEvent: {}
[139.411424] (-) TimerEvent: {}
[139.511642] (-) TimerEvent: {}
[139.611881] (-) TimerEvent: {}
[139.712108] (-) TimerEvent: {}
[139.812341] (-) TimerEvent: {}
[139.916889] (-) TimerEvent: {}
[140.017979] (-) TimerEvent: {}
[140.119222] (-) TimerEvent: {}
[140.219651] (-) TimerEvent: {}
[140.320900] (-) TimerEvent: {}
[140.421263] (-) TimerEvent: {}
[140.513011] (ros1_bridge) StdoutLine: {'line': b'[ 44%] Building CXX object CMakeFiles/ros1_bridge.dir/generated/map_msgs__msg__ProjectedMapInfo__factories.cpp.o\n'}
[140.521382] (-) TimerEvent: {}
[140.621617] (-) TimerEvent: {}
[140.721845] (-) TimerEvent: {}
[140.822063] (-) TimerEvent: {}
[140.922287] (-) TimerEvent: {}
[141.022515] (-) TimerEvent: {}
[141.122782] (-) TimerEvent: {}
[141.223031] (-) TimerEvent: {}
[141.323262] (-) TimerEvent: {}
[141.423510] (-) TimerEvent: {}
[141.502658] (ros1_bridge) StdoutLine: {'line': b'[ 44%] Building CXX object CMakeFiles/ros1_bridge.dir/generated/map_msgs__msg__ProjectedMap__factories.cpp.o\n'}
[141.523624] (-) TimerEvent: {}
[141.623850] (-) TimerEvent: {}
[141.724085] (-) TimerEvent: {}
[141.824318] (-) TimerEvent: {}
[141.924595] (-) TimerEvent: {}
[142.024839] (-) TimerEvent: {}
[142.125071] (-) TimerEvent: {}
[142.225314] (-) TimerEvent: {}
[142.325555] (-) TimerEvent: {}
[142.425800] (-) TimerEvent: {}
[142.500368] (ros1_bridge) StdoutLine: {'line': b'[ 45%] Building CXX object CMakeFiles/ros1_bridge.dir/generated/map_msgs__srv__GetMapROI__factories.cpp.o\n'}
[142.525942] (-) TimerEvent: {}
[142.626187] (-) TimerEvent: {}
[142.726432] (-) TimerEvent: {}
[142.826684] (-) TimerEvent: {}
[142.926970] (-) TimerEvent: {}
[143.027245] (-) TimerEvent: {}
[143.127482] (-) TimerEvent: {}
[143.227716] (-) TimerEvent: {}
[143.328040] (-) TimerEvent: {}
[143.428359] (-) TimerEvent: {}
[143.528612] (-) TimerEvent: {}
[143.629407] (-) TimerEvent: {}
[143.729640] (-) TimerEvent: {}
[143.829875] (-) TimerEvent: {}
[143.930434] (-) TimerEvent: {}
[144.030680] (-) TimerEvent: {}
[144.130979] (-) TimerEvent: {}
[144.231366] (-) TimerEvent: {}
[144.331589] (-) TimerEvent: {}
[144.431823] (-) TimerEvent: {}
[144.532068] (-) TimerEvent: {}
[144.632300] (-) TimerEvent: {}
[144.732568] (-) TimerEvent: {}
[144.833708] (-) TimerEvent: {}
[144.934083] (-) TimerEvent: {}
[145.034401] (-) TimerEvent: {}
[145.107517] (ros1_bridge) StdoutLine: {'line': b'[ 45%] Building CXX object CMakeFiles/ros1_bridge.dir/generated/map_msgs__srv__GetPointMapROI__factories.cpp.o\n'}
[145.134556] (-) TimerEvent: {}
[145.234795] (-) TimerEvent: {}
[145.335029] (-) TimerEvent: {}
[145.408070] (ros1_bridge) StdoutLine: {'line': b'[ 45%] Building CXX object CMakeFiles/ros1_bridge.dir/generated/map_msgs__srv__GetPointMap__factories.cpp.o\n'}
[145.435153] (-) TimerEvent: {}
[145.535386] (-) TimerEvent: {}
[145.635619] (-) TimerEvent: {}
[145.736005] (-) TimerEvent: {}
[145.836243] (-) TimerEvent: {}
[145.936489] (-) TimerEvent: {}
[146.036735] (-) TimerEvent: {}
[146.105351] (ros1_bridge) StdoutLine: {'line': b'[ 45%] Building CXX object CMakeFiles/ros1_bridge.dir/generated/map_msgs__srv__ProjectedMapsInfo__factories.cpp.o\n'}
[146.136866] (-) TimerEvent: {}
[146.237151] (-) TimerEvent: {}
[146.337432] (-) TimerEvent: {}
[146.437686] (-) TimerEvent: {}
[146.537913] (-) TimerEvent: {}
[146.638152] (-) TimerEvent: {}
[146.730119] (ros1_bridge) StdoutLine: {'line': b'[ 46%] Building CXX object CMakeFiles/ros1_bridge.dir/generated/map_msgs__srv__SaveMap__factories.cpp.o\n'}
[146.738280] (-) TimerEvent: {}
[146.838537] (-) TimerEvent: {}
[146.901327] (ros1_bridge) StdoutLine: {'line': b'[ 46%] Building CXX object CMakeFiles/ros1_bridge.dir/generated/map_msgs__srv__SetMapProjections__factories.cpp.o\n'}
[146.930152] (ros1_bridge) StdoutLine: {'line': b'[ 46%] Building CXX object CMakeFiles/ros1_bridge.dir/generated/nav_msgs_factories.cpp.o\n'}
[146.938657] (-) TimerEvent: {}
[147.038889] (-) TimerEvent: {}
[147.139081] (-) TimerEvent: {}
[147.179694] (ros1_bridge) StdoutLine: {'line': b'[ 47%] Building CXX object CMakeFiles/ros1_bridge.dir/generated/nav_msgs__msg__Goals__factories.cpp.o\n'}
[147.239197] (-) TimerEvent: {}
[147.339414] (-) TimerEvent: {}
[147.356272] (ros1_bridge) StdoutLine: {'line': b'[ 47%] Building CXX object CMakeFiles/ros1_bridge.dir/generated/nav_msgs__msg__GridCells__factories.cpp.o\n'}
[147.439539] (-) TimerEvent: {}
[147.539783] (-) TimerEvent: {}
[147.640039] (-) TimerEvent: {}
[147.740263] (-) TimerEvent: {}
[147.840493] (-) TimerEvent: {}
[147.940716] (-) TimerEvent: {}
[148.040940] (-) TimerEvent: {}
[148.141179] (-) TimerEvent: {}
[148.223175] (ros1_bridge) StdoutLine: {'line': b'[ 47%] Building CXX object CMakeFiles/ros1_bridge.dir/generated/nav_msgs__msg__MapMetaData__factories.cpp.o\n'}
[148.241298] (-) TimerEvent: {}
[148.341524] (-) TimerEvent: {}
[148.441761] (-) TimerEvent: {}
[148.541995] (-) TimerEvent: {}
[148.642220] (-) TimerEvent: {}
[148.742448] (-) TimerEvent: {}
[148.842679] (-) TimerEvent: {}
[148.942912] (-) TimerEvent: {}
[149.043145] (-) TimerEvent: {}
[149.143378] (-) TimerEvent: {}
[149.243619] (-) TimerEvent: {}
[149.343990] (-) TimerEvent: {}
[149.444505] (-) TimerEvent: {}
[149.539603] (ros1_bridge) StdoutLine: {'line': b'[ 48%] Building CXX object CMakeFiles/ros1_bridge.dir/generated/nav_msgs__msg__OccupancyGrid__factories.cpp.o\n'}
[149.544615] (-) TimerEvent: {}
[149.644841] (-) TimerEvent: {}
[149.715858] (ros1_bridge) StdoutLine: {'line': b'[ 48%] Building CXX object CMakeFiles/ros1_bridge.dir/generated/nav_msgs__msg__Odometry__factories.cpp.o\n'}
[149.748615] (-) TimerEvent: {}
[149.848848] (-) TimerEvent: {}
[149.949084] (-) TimerEvent: {}
[150.049325] (-) TimerEvent: {}
[150.149568] (-) TimerEvent: {}
[150.249856] (-) TimerEvent: {}
[150.350094] (-) TimerEvent: {}
[150.450335] (-) TimerEvent: {}
[150.550571] (-) TimerEvent: {}
[150.650809] (-) TimerEvent: {}
[150.751091] (-) TimerEvent: {}
[150.851335] (-) TimerEvent: {}
[150.951708] (-) TimerEvent: {}
[151.059125] (-) TimerEvent: {}
[151.159369] (-) TimerEvent: {}
[151.259601] (-) TimerEvent: {}
[151.359840] (-) TimerEvent: {}
[151.460080] (-) TimerEvent: {}
[151.560321] (-) TimerEvent: {}
[151.660559] (-) TimerEvent: {}
[151.760805] (-) TimerEvent: {}
[151.861060] (-) TimerEvent: {}
[151.961413] (-) TimerEvent: {}
[152.061659] (-) TimerEvent: {}
[152.161913] (-) TimerEvent: {}
[152.262191] (-) TimerEvent: {}
[152.362437] (-) TimerEvent: {}
[152.462711] (-) TimerEvent: {}
[152.563263] (-) TimerEvent: {}
[152.663588] (-) TimerEvent: {}
[152.771101] (-) TimerEvent: {}
[152.871343] (-) TimerEvent: {}
[152.971580] (-) TimerEvent: {}
[153.071825] (-) TimerEvent: {}
[153.172079] (-) TimerEvent: {}
[153.272343] (-) TimerEvent: {}
[153.372597] (-) TimerEvent: {}
[153.472850] (-) TimerEvent: {}
[153.573097] (-) TimerEvent: {}
[153.673852] (-) TimerEvent: {}
[153.774097] (-) TimerEvent: {}
[153.874343] (-) TimerEvent: {}
[153.974620] (-) TimerEvent: {}
[154.074863] (-) TimerEvent: {}
[154.175080] (-) TimerEvent: {}
[154.275326] (-) TimerEvent: {}
[154.375565] (-) TimerEvent: {}
[154.475816] (-) TimerEvent: {}
[154.576062] (-) TimerEvent: {}
[154.676297] (-) TimerEvent: {}
[154.777322] (-) TimerEvent: {}
[154.882588] (-) TimerEvent: {}
[154.982834] (-) TimerEvent: {}
[155.083088] (-) TimerEvent: {}
[155.183357] (-) TimerEvent: {}
[155.283590] (-) TimerEvent: {}
[155.383823] (-) TimerEvent: {}
[155.484064] (-) TimerEvent: {}
[155.584310] (-) TimerEvent: {}
[155.684742] (-) TimerEvent: {}
[155.785158] (-) TimerEvent: {}
[155.886272] (-) TimerEvent: {}
[155.947413] (ros1_bridge) StdoutLine: {'line': b'[ 48%] Building CXX object CMakeFiles/ros1_bridge.dir/generated/nav_msgs__msg__Path__factories.cpp.o\n'}
[155.986393] (-) TimerEvent: {}
[156.088233] (-) TimerEvent: {}
[156.195637] (-) TimerEvent: {}
[156.295875] (-) TimerEvent: {}
[156.396139] (-) TimerEvent: {}
[156.496380] (-) TimerEvent: {}
[156.596610] (-) TimerEvent: {}
[156.696846] (-) TimerEvent: {}
[156.797839] (-) TimerEvent: {}
[156.898209] (-) TimerEvent: {}
[156.998442] (-) TimerEvent: {}
[157.098815] (-) TimerEvent: {}
[157.199116] (-) TimerEvent: {}
[157.299542] (-) TimerEvent: {}
[157.399791] (-) TimerEvent: {}
[157.500158] (-) TimerEvent: {}
[157.525621] (ros1_bridge) StdoutLine: {'line': b'[ 48%] Building CXX object CMakeFiles/ros1_bridge.dir/generated/nav_msgs__srv__GetMap__factories.cpp.o\n'}
[157.600274] (-) TimerEvent: {}
[157.700486] (-) TimerEvent: {}
[157.800728] (-) TimerEvent: {}
[157.900964] (-) TimerEvent: {}
[158.001200] (-) TimerEvent: {}
[158.101445] (-) TimerEvent: {}
[158.201680] (-) TimerEvent: {}
[158.204138] (ros1_bridge) StdoutLine: {'line': b'[ 49%] Building CXX object CMakeFiles/ros1_bridge.dir/generated/nav_msgs__srv__GetPlan__factories.cpp.o\n'}
[158.301802] (-) TimerEvent: {}
[158.402033] (-) TimerEvent: {}
[158.502259] (-) TimerEvent: {}
[158.602491] (-) TimerEvent: {}
[158.702722] (-) TimerEvent: {}
[158.802967] (-) TimerEvent: {}
[158.854379] (ros1_bridge) StdoutLine: {'line': b'[ 49%] Building CXX object CMakeFiles/ros1_bridge.dir/generated/nav_msgs__srv__SetMap__factories.cpp.o\n'}
[158.875306] (ros1_bridge) StdoutLine: {'line': b'[ 49%] Building CXX object CMakeFiles/ros1_bridge.dir/generated/nav_msgs__srv__LoadMap__factories.cpp.o\n'}
[158.903426] (-) TimerEvent: {}
[159.003658] (-) TimerEvent: {}
[159.103891] (-) TimerEvent: {}
[159.204823] (-) TimerEvent: {}
[159.305053] (-) TimerEvent: {}
[159.405289] (-) TimerEvent: {}
[159.505567] (-) TimerEvent: {}
[159.605789] (-) TimerEvent: {}
[159.706028] (-) TimerEvent: {}
[159.806328] (-) TimerEvent: {}
[159.906552] (-) TimerEvent: {}
[160.006781] (-) TimerEvent: {}
[160.107036] (-) TimerEvent: {}
[160.207514] (-) TimerEvent: {}
[160.307746] (-) TimerEvent: {}
[160.353702] (ros1_bridge) StdoutLine: {'line': b'[ 50%] Building CXX object CMakeFiles/ros1_bridge.dir/generated/pcl_msgs_factories.cpp.o\n'}
[160.407859] (-) TimerEvent: {}
[160.508099] (-) TimerEvent: {}
[160.608393] (-) TimerEvent: {}
[160.708636] (-) TimerEvent: {}
[160.808867] (-) TimerEvent: {}
[160.828159] (ros1_bridge) StdoutLine: {'line': b'[ 50%] Building CXX object CMakeFiles/ros1_bridge.dir/generated/pcl_msgs__msg__ModelCoefficients__factories.cpp.o\n'}
[160.909022] (-) TimerEvent: {}
[160.911888] (ros1_bridge) StdoutLine: {'line': b'[ 50%] Building CXX object CMakeFiles/ros1_bridge.dir/generated/pcl_msgs__msg__PointIndices__factories.cpp.o\n'}
[161.009159] (-) TimerEvent: {}
[161.109396] (-) TimerEvent: {}
[161.209656] (-) TimerEvent: {}
[161.309893] (-) TimerEvent: {}
[161.410137] (-) TimerEvent: {}
[161.510371] (-) TimerEvent: {}
[161.610608] (-) TimerEvent: {}
[161.710843] (-) TimerEvent: {}
[161.811088] (-) TimerEvent: {}
[161.911331] (-) TimerEvent: {}
[162.011563] (-) TimerEvent: {}
[162.111791] (-) TimerEvent: {}
[162.212028] (-) TimerEvent: {}
[162.312326] (-) TimerEvent: {}
[162.412589] (-) TimerEvent: {}
[162.512826] (-) TimerEvent: {}
[162.613065] (-) TimerEvent: {}
[162.713299] (-) TimerEvent: {}
[162.813525] (-) TimerEvent: {}
[162.865420] (ros1_bridge) StdoutLine: {'line': b'[ 50%] Building CXX object CMakeFiles/ros1_bridge.dir/generated/pcl_msgs__msg__PolygonMesh__factories.cpp.o\n'}
[162.913996] (-) TimerEvent: {}
[163.014224] (-) TimerEvent: {}
[163.114445] (-) TimerEvent: {}
[163.180975] (ros1_bridge) StdoutLine: {'line': b'[ 51%] Building CXX object CMakeFiles/ros1_bridge.dir/generated/pcl_msgs__msg__Vertices__factories.cpp.o\n'}
[163.214566] (-) TimerEvent: {}
[163.222788] (ros1_bridge) StdoutLine: {'line': b'[ 51%] Building CXX object CMakeFiles/ros1_bridge.dir/generated/pcl_msgs__srv__UpdateFilename__factories.cpp.o\n'}
[163.314692] (-) TimerEvent: {}
[163.414974] (-) TimerEvent: {}
[163.515287] (-) TimerEvent: {}
[163.615552] (-) TimerEvent: {}
[163.715784] (-) TimerEvent: {}
[163.816022] (-) TimerEvent: {}
[163.916264] (-) TimerEvent: {}
[164.016513] (-) TimerEvent: {}
[164.116753] (-) TimerEvent: {}
[164.216997] (-) TimerEvent: {}
[164.317271] (-) TimerEvent: {}
[164.417509] (-) TimerEvent: {}
[164.517745] (-) TimerEvent: {}
[164.617983] (-) TimerEvent: {}
[164.718220] (-) TimerEvent: {}
[164.818467] (-) TimerEvent: {}
[164.918669] (-) TimerEvent: {}
[165.018935] (-) TimerEvent: {}
[165.029806] (ros1_bridge) StdoutLine: {'line': b'[ 51%] Building CXX object CMakeFiles/ros1_bridge.dir/generated/pendulum_msgs_factories.cpp.o\n'}
[165.119087] (-) TimerEvent: {}
[165.219364] (-) TimerEvent: {}
[165.319629] (-) TimerEvent: {}
[165.419896] (-) TimerEvent: {}
[165.520142] (-) TimerEvent: {}
[165.620375] (-) TimerEvent: {}
[165.720625] (-) TimerEvent: {}
[165.820861] (-) TimerEvent: {}
[165.921093] (-) TimerEvent: {}
[166.021323] (-) TimerEvent: {}
[166.121571] (-) TimerEvent: {}
[166.221809] (-) TimerEvent: {}
[166.322048] (-) TimerEvent: {}
[166.422299] (-) TimerEvent: {}
[166.522536] (-) TimerEvent: {}
[166.622770] (-) TimerEvent: {}
[166.723014] (-) TimerEvent: {}
[166.823249] (-) TimerEvent: {}
[166.923476] (-) TimerEvent: {}
[167.023723] (-) TimerEvent: {}
[167.123962] (-) TimerEvent: {}
[167.224195] (-) TimerEvent: {}
[167.324436] (-) TimerEvent: {}
[167.424684] (-) TimerEvent: {}
[167.524932] (-) TimerEvent: {}
[167.625167] (-) TimerEvent: {}
[167.725408] (-) TimerEvent: {}
[167.825647] (-) TimerEvent: {}
[167.925886] (-) TimerEvent: {}
[168.026140] (-) TimerEvent: {}
[168.126365] (-) TimerEvent: {}
[168.226614] (-) TimerEvent: {}
[168.326861] (-) TimerEvent: {}
[168.427094] (-) TimerEvent: {}
[168.527344] (-) TimerEvent: {}
[168.627616] (-) TimerEvent: {}
[168.727872] (-) TimerEvent: {}
[168.828110] (-) TimerEvent: {}
[168.928343] (-) TimerEvent: {}
[169.028585] (-) TimerEvent: {}
[169.128821] (-) TimerEvent: {}
[169.229057] (-) TimerEvent: {}
[169.329297] (-) TimerEvent: {}
[169.429539] (-) TimerEvent: {}
[169.529794] (-) TimerEvent: {}
[169.630050] (-) TimerEvent: {}
[169.730289] (-) TimerEvent: {}
[169.830527] (-) TimerEvent: {}
[169.930758] (-) TimerEvent: {}
[170.031008] (-) TimerEvent: {}
[170.131250] (-) TimerEvent: {}
[170.231499] (-) TimerEvent: {}
[170.332708] (-) TimerEvent: {}
[170.432951] (-) TimerEvent: {}
[170.533169] (-) TimerEvent: {}
[170.604730] (ros1_bridge) StdoutLine: {'line': b'[ 52%] Building CXX object CMakeFiles/ros1_bridge.dir/generated/pendulum_msgs__msg__JointState__factories.cpp.o\n'}
[170.633307] (-) TimerEvent: {}
[170.733542] (-) TimerEvent: {}
[170.833770] (-) TimerEvent: {}
[170.934028] (-) TimerEvent: {}
[171.034260] (-) TimerEvent: {}
[171.134495] (-) TimerEvent: {}
[171.234725] (-) TimerEvent: {}
[171.323711] (ros1_bridge) StdoutLine: {'line': b'[ 52%] Building CXX object CMakeFiles/ros1_bridge.dir/generated/pendulum_msgs__msg__JointCommand__factories.cpp.o\n'}
[171.334836] (-) TimerEvent: {}
[171.435266] (-) TimerEvent: {}
[171.439976] (ros1_bridge) StdoutLine: {'line': b'[ 52%] Building CXX object CMakeFiles/ros1_bridge.dir/generated/pendulum_msgs__msg__RttestResults__factories.cpp.o\n'}
[171.535393] (-) TimerEvent: {}
[171.604178] (ros1_bridge) StdoutLine: {'line': b'[ 53%] Building CXX object CMakeFiles/ros1_bridge.dir/generated/rcl_interfaces_factories.cpp.o\n'}
[171.635510] (-) TimerEvent: {}
[171.722893] (ros1_bridge) StdoutLine: {'line': b'[ 53%] Building CXX object CMakeFiles/ros1_bridge.dir/generated/rcl_interfaces__msg__FloatingPointRange__factories.cpp.o\n'}
[171.735636] (-) TimerEvent: {}
[171.835866] (-) TimerEvent: {}
[171.937032] (-) TimerEvent: {}
[171.999700] (ros1_bridge) StdoutLine: {'line': b'[ 53%] Building CXX object CMakeFiles/ros1_bridge.dir/generated/rcl_interfaces__msg__IntegerRange__factories.cpp.o\n'}
[172.037168] (-) TimerEvent: {}
[172.137400] (-) TimerEvent: {}
[172.237614] (-) TimerEvent: {}
[172.337852] (-) TimerEvent: {}
[172.438099] (-) TimerEvent: {}
[172.538327] (-) TimerEvent: {}
[172.638566] (-) TimerEvent: {}
[172.738800] (-) TimerEvent: {}
[172.839027] (-) TimerEvent: {}
[172.939241] (-) TimerEvent: {}
[173.039462] (-) TimerEvent: {}
[173.139680] (-) TimerEvent: {}
[173.162359] (ros1_bridge) StdoutLine: {'line': b'[ 53%] Building CXX object CMakeFiles/ros1_bridge.dir/generated/rcl_interfaces__msg__ListParametersResult__factories.cpp.o\n'}
[173.184579] (ros1_bridge) StdoutLine: {'line': b'[ 54%] Building CXX object CMakeFiles/ros1_bridge.dir/generated/rcl_interfaces__msg__Log__factories.cpp.o\n'}
[173.239788] (-) TimerEvent: {}
[173.340000] (-) TimerEvent: {}
[173.440217] (-) TimerEvent: {}
[173.540431] (-) TimerEvent: {}
[173.586584] (ros1_bridge) StdoutLine: {'line': b'[ 54%] Building CXX object CMakeFiles/ros1_bridge.dir/generated/rcl_interfaces__msg__ParameterDescriptor__factories.cpp.o\n'}
[173.640557] (-) TimerEvent: {}
[173.692170] (ros1_bridge) StdoutLine: {'line': b'[ 54%] Building CXX object CMakeFiles/ros1_bridge.dir/generated/rcl_interfaces__msg__ParameterEventDescriptors__factories.cpp.o\n'}
[173.740665] (-) TimerEvent: {}
[173.755289] (ros1_bridge) StdoutLine: {'line': b'[ 55%] Building CXX object CMakeFiles/ros1_bridge.dir/generated/rcl_interfaces__msg__ParameterEvent__factories.cpp.o\n'}
[173.840779] (-) TimerEvent: {}
[173.940990] (-) TimerEvent: {}
[174.041268] (-) TimerEvent: {}
[174.141512] (-) TimerEvent: {}
[174.245989] (-) TimerEvent: {}
[174.330886] (ros1_bridge) StdoutLine: {'line': b'[ 55%] Building CXX object CMakeFiles/ros1_bridge.dir/generated/rcl_interfaces__msg__Parameter__factories.cpp.o\n'}
[174.346111] (-) TimerEvent: {}
[174.446359] (-) TimerEvent: {}
[174.546569] (-) TimerEvent: {}
[174.633846] (ros1_bridge) StdoutLine: {'line': b'[ 55%] Building CXX object CMakeFiles/ros1_bridge.dir/generated/rcl_interfaces__msg__ParameterType__factories.cpp.o\n'}
[174.646723] (-) TimerEvent: {}
[174.747725] (-) TimerEvent: {}
[174.836280] (ros1_bridge) StdoutLine: {'line': b'[ 55%] Building CXX object CMakeFiles/ros1_bridge.dir/generated/rcl_interfaces__msg__ParameterValue__factories.cpp.o\n'}
[174.853005] (-) TimerEvent: {}
[174.953244] (-) TimerEvent: {}
[175.053484] (-) TimerEvent: {}
[175.153710] (-) TimerEvent: {}
[175.253937] (-) TimerEvent: {}
[175.354170] (-) TimerEvent: {}
[175.413463] (ros1_bridge) StdoutLine: {'line': b'[ 56%] Building CXX object CMakeFiles/ros1_bridge.dir/generated/rcl_interfaces__msg__SetParametersResult__factories.cpp.o\n'}
[175.454283] (-) TimerEvent: {}
[175.554514] (-) TimerEvent: {}
[175.654754] (-) TimerEvent: {}
[175.756048] (-) TimerEvent: {}
[175.856299] (-) TimerEvent: {}
[175.956524] (-) TimerEvent: {}
[176.056761] (-) TimerEvent: {}
[176.156998] (-) TimerEvent: {}
[176.257233] (-) TimerEvent: {}
[176.357491] (-) TimerEvent: {}
[176.457752] (-) TimerEvent: {}
[176.558001] (-) TimerEvent: {}
[176.658238] (-) TimerEvent: {}
[176.758477] (-) TimerEvent: {}
[176.858708] (-) TimerEvent: {}
[176.958943] (-) TimerEvent: {}
[177.059191] (-) TimerEvent: {}
[177.159433] (-) TimerEvent: {}
[177.259678] (-) TimerEvent: {}
[177.359925] (-) TimerEvent: {}
[177.460167] (-) TimerEvent: {}
[177.560431] (-) TimerEvent: {}
[177.660661] (-) TimerEvent: {}
[177.760914] (-) TimerEvent: {}
[177.861169] (-) TimerEvent: {}
[177.961414] (-) TimerEvent: {}
[178.061659] (-) TimerEvent: {}
[178.161922] (-) TimerEvent: {}
[178.262181] (-) TimerEvent: {}
[178.362421] (-) TimerEvent: {}
[178.462662] (-) TimerEvent: {}
[178.562893] (-) TimerEvent: {}
[178.663342] (-) TimerEvent: {}
[178.763639] (-) TimerEvent: {}
[178.863883] (-) TimerEvent: {}
[178.964129] (-) TimerEvent: {}
[179.064371] (-) TimerEvent: {}
[179.164579] (-) TimerEvent: {}
[179.265108] (-) TimerEvent: {}
[179.365335] (-) TimerEvent: {}
[179.465569] (-) TimerEvent: {}
[179.565921] (-) TimerEvent: {}
[179.666168] (-) TimerEvent: {}
[179.766449] (-) TimerEvent: {}
[179.866701] (-) TimerEvent: {}
[179.966942] (-) TimerEvent: {}
[180.067221] (-) TimerEvent: {}
[180.167474] (-) TimerEvent: {}
[180.267744] (-) TimerEvent: {}
[180.368000] (-) TimerEvent: {}
[180.468244] (-) TimerEvent: {}
[180.524952] (ros1_bridge) StdoutLine: {'line': b'[ 56%] Building CXX object CMakeFiles/ros1_bridge.dir/generated/rcl_interfaces__srv__DescribeParameters__factories.cpp.o\n'}
[180.568348] (-) TimerEvent: {}
[180.668585] (-) TimerEvent: {}
[180.768832] (-) TimerEvent: {}
[180.869082] (-) TimerEvent: {}
[180.969331] (-) TimerEvent: {}
[181.069582] (-) TimerEvent: {}
[181.118224] (ros1_bridge) StdoutLine: {'line': b'[ 56%] Building CXX object CMakeFiles/ros1_bridge.dir/generated/rcl_interfaces__srv__GetParameters__factories.cpp.o\n'}
[181.169804] (-) TimerEvent: {}
[181.270155] (-) TimerEvent: {}
[181.370501] (-) TimerEvent: {}
[181.470873] (-) TimerEvent: {}
[181.571226] (-) TimerEvent: {}
[181.606128] (ros1_bridge) StdoutLine: {'line': b'[ 57%] Building CXX object CMakeFiles/ros1_bridge.dir/generated/rcl_interfaces__srv__GetParameterTypes__factories.cpp.o\n'}
[181.671349] (-) TimerEvent: {}
[181.771586] (-) TimerEvent: {}
[181.871811] (-) TimerEvent: {}
[181.972031] (-) TimerEvent: {}
[182.072288] (-) TimerEvent: {}
[182.144951] (ros1_bridge) StdoutLine: {'line': b'[ 57%] Building CXX object CMakeFiles/ros1_bridge.dir/generated/rcl_interfaces__srv__ListParameters__factories.cpp.o\n'}
[182.172405] (-) TimerEvent: {}
[182.272630] (-) TimerEvent: {}
[182.372860] (-) TimerEvent: {}
[182.401145] (ros1_bridge) StdoutLine: {'line': b'[ 57%] Building CXX object CMakeFiles/ros1_bridge.dir/generated/rcl_interfaces__srv__SetParametersAtomically__factories.cpp.o\n'}
[182.473117] (-) TimerEvent: {}
[182.573493] (-) TimerEvent: {}
[182.644853] (ros1_bridge) StdoutLine: {'line': b'[ 58%] Building CXX object CMakeFiles/ros1_bridge.dir/generated/rcl_interfaces__srv__SetParameters__factories.cpp.o\n'}
[182.673722] (-) TimerEvent: {}
[182.774063] (-) TimerEvent: {}
[182.874340] (-) TimerEvent: {}
[182.943138] (ros1_bridge) StdoutLine: {'line': b'[ 58%] Building CXX object CMakeFiles/ros1_bridge.dir/generated/rmw_dds_common_factories.cpp.o\n'}
[182.974458] (-) TimerEvent: {}
[183.075066] (-) TimerEvent: {}
[183.175308] (-) TimerEvent: {}
[183.248824] (ros1_bridge) StdoutLine: {'line': b'[ 58%] Building CXX object CMakeFiles/ros1_bridge.dir/generated/rmw_dds_common__msg__Gid__factories.cpp.o\n'}
[183.275432] (-) TimerEvent: {}
[183.375666] (-) TimerEvent: {}
[183.434594] (ros1_bridge) StdoutLine: {'line': b'[ 58%] Building CXX object CMakeFiles/ros1_bridge.dir/generated/rmw_dds_common__msg__NodeEntitiesInfo__factories.cpp.o\n'}
[183.476102] (-) TimerEvent: {}
[183.576328] (-) TimerEvent: {}
[183.676549] (-) TimerEvent: {}
[183.777345] (-) TimerEvent: {}
[183.877579] (-) TimerEvent: {}
[183.977837] (-) TimerEvent: {}
[184.043046] (ros1_bridge) StdoutLine: {'line': b'[ 59%] Building CXX object CMakeFiles/ros1_bridge.dir/generated/rmw_dds_common__msg__ParticipantEntitiesInfo__factories.cpp.o\n'}
[184.077941] (-) TimerEvent: {}
[184.178161] (-) TimerEvent: {}
[184.278386] (-) TimerEvent: {}
[184.354835] (ros1_bridge) StdoutLine: {'line': b'[ 59%] Building CXX object CMakeFiles/ros1_bridge.dir/generated/rosbag2_interfaces_factories.cpp.o\n'}
[184.378631] (-) TimerEvent: {}
[184.478976] (-) TimerEvent: {}
[184.579215] (-) TimerEvent: {}
[184.616284] (ros1_bridge) StdoutLine: {'line': b'[ 59%] Building CXX object CMakeFiles/ros1_bridge.dir/generated/rosbag2_interfaces__msg__ReadSplitEvent__factories.cpp.o\n'}
[184.679325] (-) TimerEvent: {}
[184.779546] (-) TimerEvent: {}
[184.831975] (ros1_bridge) StdoutLine: {'line': b'[ 60%] Building CXX object CMakeFiles/ros1_bridge.dir/generated/rosbag2_interfaces__msg__WriteSplitEvent__factories.cpp.o\n'}
[184.879661] (-) TimerEvent: {}
[184.979971] (-) TimerEvent: {}
[185.079673] (ros1_bridge) StdoutLine: {'line': b'[ 60%] Building CXX object CMakeFiles/ros1_bridge.dir/generated/rosbag2_interfaces__srv__Burst__factories.cpp.o\n'}
[185.080029] (-) TimerEvent: {}
[185.180201] (-) TimerEvent: {}
[185.280431] (-) TimerEvent: {}
[185.380657] (-) TimerEvent: {}
[185.480883] (-) TimerEvent: {}
[185.504737] (ros1_bridge) StdoutLine: {'line': b'[ 60%] Building CXX object CMakeFiles/ros1_bridge.dir/generated/rosbag2_interfaces__srv__GetRate__factories.cpp.o\n'}
[185.580999] (-) TimerEvent: {}
[185.653762] (ros1_bridge) StdoutLine: {'line': b'[ 60%] Building CXX object CMakeFiles/ros1_bridge.dir/generated/rosbag2_interfaces__srv__IsPaused__factories.cpp.o\n'}
[185.681112] (-) TimerEvent: {}
[185.781339] (-) TimerEvent: {}
[185.881562] (-) TimerEvent: {}
[185.981788] (-) TimerEvent: {}
[186.082009] (-) TimerEvent: {}
[186.182227] (-) TimerEvent: {}
[186.282461] (-) TimerEvent: {}
[186.382699] (-) TimerEvent: {}
[186.482937] (-) TimerEvent: {}
[186.583189] (-) TimerEvent: {}
[186.683593] (-) TimerEvent: {}
[186.783826] (-) TimerEvent: {}
[186.884069] (-) TimerEvent: {}
[186.984325] (-) TimerEvent: {}
[187.084575] (-) TimerEvent: {}
[187.185055] (-) TimerEvent: {}
[187.285403] (-) TimerEvent: {}
[187.385798] (-) TimerEvent: {}
[187.486210] (-) TimerEvent: {}
[187.586642] (-) TimerEvent: {}
[187.686898] (-) TimerEvent: {}
[187.788068] (-) TimerEvent: {}
[187.888317] (-) TimerEvent: {}
[187.990848] (-) TimerEvent: {}
[188.091086] (-) TimerEvent: {}
[188.191341] (-) TimerEvent: {}
[188.291595] (-) TimerEvent: {}
[188.391837] (-) TimerEvent: {}
[188.492134] (-) TimerEvent: {}
[188.593930] (-) TimerEvent: {}
[188.694176] (-) TimerEvent: {}
[188.794416] (-) TimerEvent: {}
[188.894658] (-) TimerEvent: {}
[188.994905] (-) TimerEvent: {}
[189.095160] (-) TimerEvent: {}
[189.195452] (-) TimerEvent: {}
[189.295690] (-) TimerEvent: {}
[189.395931] (-) TimerEvent: {}
[189.496197] (-) TimerEvent: {}
[189.596494] (-) TimerEvent: {}
[189.696766] (-) TimerEvent: {}
[189.797036] (-) TimerEvent: {}
[189.897326] (-) TimerEvent: {}
[189.997562] (-) TimerEvent: {}
[190.097824] (-) TimerEvent: {}
[190.109536] (ros1_bridge) StdoutLine: {'line': b'[ 61%] Building CXX object CMakeFiles/ros1_bridge.dir/generated/rosbag2_interfaces__srv__Pause__factories.cpp.o\n'}
[190.197928] (-) TimerEvent: {}
[190.298168] (-) TimerEvent: {}
[190.398409] (-) TimerEvent: {}
[190.498630] (-) TimerEvent: {}
[190.598862] (-) TimerEvent: {}
[190.699086] (-) TimerEvent: {}
[190.799350] (-) TimerEvent: {}
[190.899589] (-) TimerEvent: {}
[190.904616] (ros1_bridge) StdoutLine: {'line': b'[ 61%] Building CXX object CMakeFiles/ros1_bridge.dir/generated/rosbag2_interfaces__srv__PlayNext__factories.cpp.o\n'}
[190.999713] (-) TimerEvent: {}
[191.099961] (-) TimerEvent: {}
[191.200201] (-) TimerEvent: {}
[191.300433] (-) TimerEvent: {}
[191.400676] (-) TimerEvent: {}
[191.500909] (-) TimerEvent: {}
[191.601138] (-) TimerEvent: {}
[191.701372] (-) TimerEvent: {}
[191.801619] (-) TimerEvent: {}
[191.901862] (-) TimerEvent: {}
[192.002099] (-) TimerEvent: {}
[192.102367] (-) TimerEvent: {}
[192.202606] (-) TimerEvent: {}
[192.302872] (-) TimerEvent: {}
[192.325803] (ros1_bridge) StdoutLine: {'line': b'[ 61%] Building CXX object CMakeFiles/ros1_bridge.dir/generated/rosbag2_interfaces__srv__Resume__factories.cpp.o\n'}
[192.402987] (-) TimerEvent: {}
[192.481326] (ros1_bridge) StdoutLine: {'line': b'[ 62%] Building CXX object CMakeFiles/ros1_bridge.dir/generated/rosbag2_interfaces__srv__Seek__factories.cpp.o\n'}
[192.503084] (-) TimerEvent: {}
[192.523434] (ros1_bridge) StdoutLine: {'line': b'[ 62%] Building CXX object CMakeFiles/ros1_bridge.dir/generated/rosbag2_interfaces__srv__SetRate__factories.cpp.o\n'}
[192.603205] (-) TimerEvent: {}
[192.703435] (-) TimerEvent: {}
[192.803670] (-) TimerEvent: {}
[192.904478] (-) TimerEvent: {}
[193.004709] (-) TimerEvent: {}
[193.104934] (-) TimerEvent: {}
[193.205165] (-) TimerEvent: {}
[193.305389] (-) TimerEvent: {}
[193.340658] (ros1_bridge) StdoutLine: {'line': b'[ 62%] Building CXX object CMakeFiles/ros1_bridge.dir/generated/rosbag2_interfaces__srv__Snapshot__factories.cpp.o\n'}
[193.405544] (-) TimerEvent: {}
[193.474728] (ros1_bridge) StdoutLine: {'line': b'[ 62%] Building CXX object CMakeFiles/ros1_bridge.dir/generated/rosbag2_interfaces__srv__TogglePaused__factories.cpp.o\n'}
[193.505667] (-) TimerEvent: {}
[193.581151] (ros1_bridge) StdoutLine: {'line': b'[ 63%] Building CXX object CMakeFiles/ros1_bridge.dir/generated/rosgraph_msgs_factories.cpp.o\n'}
[193.605775] (-) TimerEvent: {}
[193.706011] (-) TimerEvent: {}
[193.808574] (-) TimerEvent: {}
[193.908952] (-) TimerEvent: {}
[193.985937] (ros1_bridge) StdoutLine: {'line': b'[ 63%] Building CXX object CMakeFiles/ros1_bridge.dir/generated/rosgraph_msgs__msg__Clock__factories.cpp.o\n'}
[194.009068] (-) TimerEvent: {}
[194.109298] (-) TimerEvent: {}
[194.209531] (-) TimerEvent: {}
[194.261680] (ros1_bridge) StdoutLine: {'line': b'[ 63%] Building CXX object CMakeFiles/ros1_bridge.dir/generated/sensor_msgs_factories.cpp.o\n'}
[194.309678] (-) TimerEvent: {}
[194.409904] (-) TimerEvent: {}
[194.510148] (-) TimerEvent: {}
[194.610398] (-) TimerEvent: {}
[194.654566] (ros1_bridge) StdoutLine: {'line': b'[ 64%] Building CXX object CMakeFiles/ros1_bridge.dir/generated/sensor_msgs__msg__BatteryState__factories.cpp.o\n'}
[194.710514] (-) TimerEvent: {}
[194.813082] (-) TimerEvent: {}
[194.913302] (-) TimerEvent: {}
[194.983261] (ros1_bridge) StdoutLine: {'line': b'[ 64%] Building CXX object CMakeFiles/ros1_bridge.dir/generated/sensor_msgs__msg__CameraInfo__factories.cpp.o\n'}
[195.013417] (-) TimerEvent: {}
[195.113687] (-) TimerEvent: {}
[195.213952] (-) TimerEvent: {}
[195.314169] (-) TimerEvent: {}
[195.364475] (ros1_bridge) StdoutLine: {'line': b'[ 64%] Building CXX object CMakeFiles/ros1_bridge.dir/generated/sensor_msgs__msg__ChannelFloat32__factories.cpp.o\n'}
[195.387929] (ros1_bridge) StdoutLine: {'line': b'[ 65%] Building CXX object CMakeFiles/ros1_bridge.dir/generated/sensor_msgs__msg__CompressedImage__factories.cpp.o\n'}
[195.414284] (-) TimerEvent: {}
[195.514514] (-) TimerEvent: {}
[195.614742] (-) TimerEvent: {}
[195.707241] (ros1_bridge) StdoutLine: {'line': b'[ 65%] Building CXX object CMakeFiles/ros1_bridge.dir/generated/sensor_msgs__msg__FluidPressure__factories.cpp.o\n'}
[195.714854] (-) TimerEvent: {}
[195.815077] (-) TimerEvent: {}
[195.915348] (-) TimerEvent: {}
[196.015615] (-) TimerEvent: {}
[196.116850] (-) TimerEvent: {}
[196.188940] (ros1_bridge) StdoutLine: {'line': b'[ 65%] Building CXX object CMakeFiles/ros1_bridge.dir/generated/sensor_msgs__msg__Illuminance__factories.cpp.o\n'}
[196.216959] (-) TimerEvent: {}
[196.317179] (-) TimerEvent: {}
[196.417435] (-) TimerEvent: {}
[196.517695] (-) TimerEvent: {}
[196.617955] (-) TimerEvent: {}
[196.718169] (-) TimerEvent: {}
[196.818398] (-) TimerEvent: {}
[196.919134] (-) TimerEvent: {}
[197.019357] (-) TimerEvent: {}
[197.119578] (-) TimerEvent: {}
[197.219803] (-) TimerEvent: {}
[197.320033] (-) TimerEvent: {}
[197.420253] (-) TimerEvent: {}
[197.520473] (-) TimerEvent: {}
[197.620700] (-) TimerEvent: {}
[197.720925] (-) TimerEvent: {}
[197.821147] (-) TimerEvent: {}
[197.921383] (-) TimerEvent: {}
[198.021612] (-) TimerEvent: {}
[198.121827] (-) TimerEvent: {}
[198.222050] (-) TimerEvent: {}
[198.322280] (-) TimerEvent: {}
[198.422515] (-) TimerEvent: {}
[198.522755] (-) TimerEvent: {}
[198.623008] (-) TimerEvent: {}
[198.723244] (-) TimerEvent: {}
[198.823479] (-) TimerEvent: {}
[198.923821] (-) TimerEvent: {}
[199.024057] (-) TimerEvent: {}
[199.124287] (-) TimerEvent: {}
[199.224521] (-) TimerEvent: {}
[199.324763] (-) TimerEvent: {}
[199.424995] (-) TimerEvent: {}
[199.525229] (-) TimerEvent: {}
[199.546980] (ros1_bridge) StdoutLine: {'line': b'[ 65%] Building CXX object CMakeFiles/ros1_bridge.dir/generated/sensor_msgs__msg__Image__factories.cpp.o\n'}
[199.625349] (-) TimerEvent: {}
[199.727381] (-) TimerEvent: {}
[199.827626] (-) TimerEvent: {}
[199.927863] (-) TimerEvent: {}
[200.028096] (-) TimerEvent: {}
[200.131159] (-) TimerEvent: {}
[200.231409] (-) TimerEvent: {}
[200.331651] (-) TimerEvent: {}
[200.431926] (-) TimerEvent: {}
[200.532168] (-) TimerEvent: {}
[200.632410] (-) TimerEvent: {}
[200.732666] (-) TimerEvent: {}
[200.832916] (-) TimerEvent: {}
[200.933153] (-) TimerEvent: {}
[201.033768] (-) TimerEvent: {}
[201.134266] (-) TimerEvent: {}
[201.234523] (-) TimerEvent: {}
[201.334803] (-) TimerEvent: {}
[201.376040] (ros1_bridge) StdoutLine: {'line': b'[ 66%] Building CXX object CMakeFiles/ros1_bridge.dir/generated/sensor_msgs__msg__Imu__factories.cpp.o\n'}
[201.434924] (-) TimerEvent: {}
[201.535409] (-) TimerEvent: {}
[201.635653] (-) TimerEvent: {}
[201.735897] (-) TimerEvent: {}
[201.836317] (-) TimerEvent: {}
[201.936592] (-) TimerEvent: {}
[202.036825] (-) TimerEvent: {}
[202.137067] (-) TimerEvent: {}
[202.237307] (-) TimerEvent: {}
[202.337558] (-) TimerEvent: {}
[202.437792] (-) TimerEvent: {}
[202.538031] (-) TimerEvent: {}
[202.605117] (ros1_bridge) StdoutLine: {'line': b'[ 66%] Building CXX object CMakeFiles/ros1_bridge.dir/generated/sensor_msgs__msg__JointState__factories.cpp.o\n'}
[202.638249] (-) TimerEvent: {}
[202.671717] (ros1_bridge) StdoutLine: {'line': b'[ 66%] Building CXX object CMakeFiles/ros1_bridge.dir/generated/sensor_msgs__msg__Joy__factories.cpp.o\n'}
[202.738374] (-) TimerEvent: {}
[202.830244] (ros1_bridge) StdoutLine: {'line': b'[ 67%] Building CXX object CMakeFiles/ros1_bridge.dir/generated/sensor_msgs__msg__JoyFeedback__factories.cpp.o\n'}
[202.838481] (-) TimerEvent: {}
[202.938704] (-) TimerEvent: {}
[203.038949] (-) TimerEvent: {}
[203.139699] (-) TimerEvent: {}
[203.239922] (-) TimerEvent: {}
[203.340154] (-) TimerEvent: {}
[203.440376] (-) TimerEvent: {}
[203.540700] (-) TimerEvent: {}
[203.604540] (ros1_bridge) StdoutLine: {'line': b'[ 67%] Building CXX object CMakeFiles/ros1_bridge.dir/generated/sensor_msgs__msg__JoyFeedbackArray__factories.cpp.o\n'}
[203.640860] (-) TimerEvent: {}
[203.647898] (ros1_bridge) StdoutLine: {'line': b'[ 67%] Building CXX object CMakeFiles/ros1_bridge.dir/generated/sensor_msgs__msg__LaserEcho__factories.cpp.o\n'}
[203.740967] (-) TimerEvent: {}
[203.841201] (-) TimerEvent: {}
[203.941437] (-) TimerEvent: {}
[203.985067] (ros1_bridge) StdoutLine: {'line': b'[ 67%] Building CXX object CMakeFiles/ros1_bridge.dir/generated/sensor_msgs__msg__LaserScan__factories.cpp.o\n'}
[204.041564] (-) TimerEvent: {}
[204.141822] (-) TimerEvent: {}
[204.242054] (-) TimerEvent: {}
[204.342370] (-) TimerEvent: {}
[204.442601] (-) TimerEvent: {}
[204.542842] (-) TimerEvent: {}
[204.643072] (-) TimerEvent: {}
[204.743586] (-) TimerEvent: {}
[204.843811] (-) TimerEvent: {}
[204.944060] (-) TimerEvent: {}
[205.044307] (-) TimerEvent: {}
[205.144640] (-) TimerEvent: {}
[205.244891] (-) TimerEvent: {}
[205.345128] (-) TimerEvent: {}
[205.445366] (-) TimerEvent: {}
[205.545596] (-) TimerEvent: {}
[205.645831] (-) TimerEvent: {}
[205.712523] (ros1_bridge) StdoutLine: {'line': b'[ 68%] Building CXX object CMakeFiles/ros1_bridge.dir/generated/sensor_msgs__msg__MagneticField__factories.cpp.o\n'}
[205.745953] (-) TimerEvent: {}
[205.846208] (-) TimerEvent: {}
[205.946449] (-) TimerEvent: {}
[206.046693] (-) TimerEvent: {}
[206.146933] (-) TimerEvent: {}
[206.247170] (-) TimerEvent: {}
[206.347412] (-) TimerEvent: {}
[206.447648] (-) TimerEvent: {}
[206.547886] (-) TimerEvent: {}
[206.648124] (-) TimerEvent: {}
[206.748353] (-) TimerEvent: {}
[206.848585] (-) TimerEvent: {}
[206.948809] (-) TimerEvent: {}
[207.049042] (-) TimerEvent: {}
[207.149286] (-) TimerEvent: {}
[207.249523] (-) TimerEvent: {}
[207.349779] (-) TimerEvent: {}
[207.450022] (-) TimerEvent: {}
[207.550279] (-) TimerEvent: {}
[207.650709] (-) TimerEvent: {}
[207.750962] (-) TimerEvent: {}
[207.851385] (-) TimerEvent: {}
[207.952011] (-) TimerEvent: {}
[208.052258] (-) TimerEvent: {}
[208.152945] (-) TimerEvent: {}
[208.253983] (-) TimerEvent: {}
[208.354827] (-) TimerEvent: {}
[208.455070] (-) TimerEvent: {}
[208.555302] (-) TimerEvent: {}
[208.655537] (-) TimerEvent: {}
[208.755778] (-) TimerEvent: {}
[208.856027] (-) TimerEvent: {}
[208.956339] (-) TimerEvent: {}
[209.056586] (-) TimerEvent: {}
[209.156836] (-) TimerEvent: {}
[209.257085] (-) TimerEvent: {}
[209.357348] (-) TimerEvent: {}
[209.457584] (-) TimerEvent: {}
[209.557822] (-) TimerEvent: {}
[209.658066] (-) TimerEvent: {}
[209.758293] (-) TimerEvent: {}
[209.858529] (-) TimerEvent: {}
[209.960973] (-) TimerEvent: {}
[210.061198] (-) TimerEvent: {}
[210.161430] (-) TimerEvent: {}
[210.261663] (-) TimerEvent: {}
[210.361890] (-) TimerEvent: {}
[210.462134] (-) TimerEvent: {}
[210.562355] (-) TimerEvent: {}
[210.662594] (-) TimerEvent: {}
[210.762828] (-) TimerEvent: {}
[210.863090] (-) TimerEvent: {}
[210.963326] (-) TimerEvent: {}
[211.063568] (-) TimerEvent: {}
[211.163816] (-) TimerEvent: {}
[211.264062] (-) TimerEvent: {}
[211.364290] (-) TimerEvent: {}
[211.464528] (-) TimerEvent: {}
[211.564770] (-) TimerEvent: {}
[211.665011] (-) TimerEvent: {}
[211.765244] (-) TimerEvent: {}
[211.865486] (-) TimerEvent: {}
[211.965721] (-) TimerEvent: {}
[212.065960] (-) TimerEvent: {}
[212.166185] (-) TimerEvent: {}
[212.266418] (-) TimerEvent: {}
[212.366665] (-) TimerEvent: {}
[212.466889] (-) TimerEvent: {}
[212.567172] (-) TimerEvent: {}
[212.667398] (-) TimerEvent: {}
[212.767617] (-) TimerEvent: {}
[212.867844] (-) TimerEvent: {}
[212.975978] (-) TimerEvent: {}
[213.076240] (-) TimerEvent: {}
[213.176462] (-) TimerEvent: {}
[213.276792] (-) TimerEvent: {}
[213.377028] (-) TimerEvent: {}
[213.477245] (-) TimerEvent: {}
[213.577474] (-) TimerEvent: {}
[213.678039] (-) TimerEvent: {}
[213.778370] (-) TimerEvent: {}
[213.878599] (-) TimerEvent: {}
[213.978821] (-) TimerEvent: {}
[214.079062] (-) TimerEvent: {}
[214.179300] (-) TimerEvent: {}
[214.279516] (-) TimerEvent: {}
[214.383104] (-) TimerEvent: {}
[214.483347] (-) TimerEvent: {}
[214.583570] (-) TimerEvent: {}
[214.683819] (-) TimerEvent: {}
[214.784059] (-) TimerEvent: {}
[214.884294] (-) TimerEvent: {}
[214.984527] (-) TimerEvent: {}
[215.084759] (-) TimerEvent: {}
[215.184987] (-) TimerEvent: {}
[215.285210] (-) TimerEvent: {}
[215.385447] (-) TimerEvent: {}
[215.485686] (-) TimerEvent: {}
[215.585923] (-) TimerEvent: {}
[215.686169] (-) TimerEvent: {}
[215.786409] (-) TimerEvent: {}
[215.886650] (-) TimerEvent: {}
[215.989588] (-) TimerEvent: {}
[216.090520] (-) TimerEvent: {}
[216.193846] (-) TimerEvent: {}
[216.294518] (-) TimerEvent: {}
[216.397119] (-) TimerEvent: {}
[216.498492] (-) TimerEvent: {}
[216.602612] (-) TimerEvent: {}
[216.702827] (-) TimerEvent: {}
[216.805905] (-) TimerEvent: {}
[216.906362] (-) TimerEvent: {}
[216.911822] (ros1_bridge) StdoutLine: {'line': b'[ 68%] Building CXX object CMakeFiles/ros1_bridge.dir/generated/sensor_msgs__msg__MultiDOFJointState__factories.cpp.o\n'}
[217.006751] (-) TimerEvent: {}
[217.107007] (-) TimerEvent: {}
[217.207245] (-) TimerEvent: {}
[217.307499] (-) TimerEvent: {}
[217.407747] (-) TimerEvent: {}
[217.508006] (-) TimerEvent: {}
[217.608238] (-) TimerEvent: {}
[217.708472] (-) TimerEvent: {}
[217.808707] (-) TimerEvent: {}
[217.909015] (-) TimerEvent: {}
[218.009251] (-) TimerEvent: {}
[218.109484] (-) TimerEvent: {}
[218.209729] (-) TimerEvent: {}
[218.309966] (-) TimerEvent: {}
[218.410201] (-) TimerEvent: {}
[218.510436] (-) TimerEvent: {}
[218.610688] (-) TimerEvent: {}
[218.710921] (-) TimerEvent: {}
[218.811158] (-) TimerEvent: {}
[218.911383] (-) TimerEvent: {}
[218.996475] (ros1_bridge) StdoutLine: {'line': b'[ 68%] Building CXX object CMakeFiles/ros1_bridge.dir/generated/sensor_msgs__msg__MultiEchoLaserScan__factories.cpp.o\n'}
[219.014944] (-) TimerEvent: {}
[219.069972] (ros1_bridge) StdoutLine: {'line': b'[ 69%] Building CXX object CMakeFiles/ros1_bridge.dir/generated/sensor_msgs__msg__NavSatFix__factories.cpp.o\n'}
[219.115077] (-) TimerEvent: {}
[219.215384] (-) TimerEvent: {}
[219.315616] (-) TimerEvent: {}
[219.415848] (-) TimerEvent: {}
[219.507534] (ros1_bridge) StdoutLine: {'line': b'[ 69%] Building CXX object CMakeFiles/ros1_bridge.dir/generated/sensor_msgs__msg__NavSatStatus__factories.cpp.o\n'}
[219.515966] (-) TimerEvent: {}
[219.557873] (ros1_bridge) StdoutLine: {'line': b'[ 69%] Building CXX object CMakeFiles/ros1_bridge.dir/generated/sensor_msgs__msg__PointCloud__factories.cpp.o\n'}
[219.597877] (ros1_bridge) StdoutLine: {'line': b'[ 70%] Building CXX object CMakeFiles/ros1_bridge.dir/generated/sensor_msgs__msg__PointCloud2__factories.cpp.o\n'}
[219.616090] (-) TimerEvent: {}
[219.687361] (ros1_bridge) StdoutLine: {'line': b'[ 70%] Building CXX object CMakeFiles/ros1_bridge.dir/generated/sensor_msgs__msg__PointField__factories.cpp.o\n'}
[219.716201] (-) TimerEvent: {}
[219.816421] (-) TimerEvent: {}
[219.916648] (-) TimerEvent: {}
[220.016871] (-) TimerEvent: {}
[220.117092] (-) TimerEvent: {}
[220.217317] (-) TimerEvent: {}
[220.317539] (-) TimerEvent: {}
[220.417768] (-) TimerEvent: {}
[220.518040] (-) TimerEvent: {}
[220.618261] (-) TimerEvent: {}
[220.718478] (-) TimerEvent: {}
[220.818700] (-) TimerEvent: {}
[220.918924] (-) TimerEvent: {}
[221.019529] (-) TimerEvent: {}
[221.124894] (-) TimerEvent: {}
[221.225113] (-) TimerEvent: {}
[221.325336] (-) TimerEvent: {}
[221.425569] (-) TimerEvent: {}
[221.525786] (-) TimerEvent: {}
[221.626008] (-) TimerEvent: {}
[221.726228] (-) TimerEvent: {}
[221.826448] (-) TimerEvent: {}
[221.930468] (-) TimerEvent: {}
[222.030696] (-) TimerEvent: {}
[222.130924] (-) TimerEvent: {}
[222.231161] (-) TimerEvent: {}
[222.331396] (-) TimerEvent: {}
[222.433806] (-) TimerEvent: {}
[222.534041] (-) TimerEvent: {}
[222.635312] (-) TimerEvent: {}
[222.735544] (-) TimerEvent: {}
[222.835775] (-) TimerEvent: {}
[222.936073] (-) TimerEvent: {}
[222.978627] (ros1_bridge) StdoutLine: {'line': b'[ 70%] Building CXX object CMakeFiles/ros1_bridge.dir/generated/sensor_msgs__msg__Range__factories.cpp.o\n'}
[223.036190] (-) TimerEvent: {}
[223.136430] (-) TimerEvent: {}
[223.236660] (-) TimerEvent: {}
[223.336896] (-) TimerEvent: {}
[223.437125] (-) TimerEvent: {}
[223.537355] (-) TimerEvent: {}
[223.637593] (-) TimerEvent: {}
[223.737829] (-) TimerEvent: {}
[223.838062] (-) TimerEvent: {}
[223.938304] (-) TimerEvent: {}
[224.038537] (-) TimerEvent: {}
[224.138766] (-) TimerEvent: {}
[224.239010] (-) TimerEvent: {}
[224.339234] (-) TimerEvent: {}
[224.439462] (-) TimerEvent: {}
[224.539691] (-) TimerEvent: {}
[224.639938] (-) TimerEvent: {}
[224.740175] (-) TimerEvent: {}
[224.840407] (-) TimerEvent: {}
[224.940631] (-) TimerEvent: {}
[225.040860] (-) TimerEvent: {}
[225.141097] (-) TimerEvent: {}
[225.241340] (-) TimerEvent: {}
[225.341602] (-) TimerEvent: {}
[225.441853] (-) TimerEvent: {}
[225.542101] (-) TimerEvent: {}
[225.642342] (-) TimerEvent: {}
[225.742582] (-) TimerEvent: {}
[225.842814] (-) TimerEvent: {}
[225.943278] (-) TimerEvent: {}
[226.028756] (ros1_bridge) StdoutLine: {'line': b'[ 70%] Building CXX object CMakeFiles/ros1_bridge.dir/generated/sensor_msgs__msg__RegionOfInterest__factories.cpp.o\n'}
[226.043398] (-) TimerEvent: {}
[226.143644] (-) TimerEvent: {}
[226.181734] (ros1_bridge) StdoutLine: {'line': b'[ 71%] Building CXX object CMakeFiles/ros1_bridge.dir/generated/sensor_msgs__msg__RelativeHumidity__factories.cpp.o\n'}
[226.243767] (-) TimerEvent: {}
[226.344101] (-) TimerEvent: {}
[226.444346] (-) TimerEvent: {}
[226.544582] (-) TimerEvent: {}
[226.645242] (-) TimerEvent: {}
[226.654474] (ros1_bridge) StdoutLine: {'line': b'[ 71%] Building CXX object CMakeFiles/ros1_bridge.dir/generated/sensor_msgs__msg__Temperature__factories.cpp.o\n'}
[226.745361] (-) TimerEvent: {}
[226.845597] (-) TimerEvent: {}
[226.945835] (-) TimerEvent: {}
[227.046063] (-) TimerEvent: {}
[227.080848] (ros1_bridge) StdoutLine: {'line': b'[ 71%] Building CXX object CMakeFiles/ros1_bridge.dir/generated/sensor_msgs__msg__TimeReference__factories.cpp.o\n'}
[227.127122] (ros1_bridge) StdoutLine: {'line': b'[ 72%] Building CXX object CMakeFiles/ros1_bridge.dir/generated/sensor_msgs__srv__SetCameraInfo__factories.cpp.o\n'}
[227.146177] (-) TimerEvent: {}
[227.238294] (ros1_bridge) StdoutLine: {'line': b'[ 72%] Building CXX object CMakeFiles/ros1_bridge.dir/generated/shape_msgs_factories.cpp.o\n'}
[227.246429] (-) TimerEvent: {}
[227.347196] (-) TimerEvent: {}
[227.447425] (-) TimerEvent: {}
[227.547640] (-) TimerEvent: {}
[227.647868] (-) TimerEvent: {}
[227.680645] (ros1_bridge) StdoutLine: {'line': b'[ 72%] Building CXX object CMakeFiles/ros1_bridge.dir/generated/shape_msgs__msg__Mesh__factories.cpp.o\n'}
[227.747986] (-) TimerEvent: {}
[227.863102] (-) TimerEvent: {}
[227.963322] (-) TimerEvent: {}
[228.063752] (-) TimerEvent: {}
[228.163979] (-) TimerEvent: {}
[228.264328] (-) TimerEvent: {}
[228.364548] (-) TimerEvent: {}
[228.464901] (-) TimerEvent: {}
[228.565129] (-) TimerEvent: {}
[228.665353] (-) TimerEvent: {}
[228.765577] (-) TimerEvent: {}
[228.866864] (-) TimerEvent: {}
[228.959514] (ros1_bridge) StdoutLine: {'line': b'[ 72%] Building CXX object CMakeFiles/ros1_bridge.dir/generated/shape_msgs__msg__MeshTriangle__factories.cpp.o\n'}
[228.968616] (-) TimerEvent: {}
[229.068852] (-) TimerEvent: {}
[229.169138] (-) TimerEvent: {}
[229.269438] (-) TimerEvent: {}
[229.369683] (-) TimerEvent: {}
[229.469937] (-) TimerEvent: {}
[229.570194] (-) TimerEvent: {}
[229.670471] (-) TimerEvent: {}
[229.770725] (-) TimerEvent: {}
[229.870953] (-) TimerEvent: {}
[229.971199] (-) TimerEvent: {}
[230.071464] (-) TimerEvent: {}
[230.171896] (-) TimerEvent: {}
[230.273680] (-) TimerEvent: {}
[230.373911] (-) TimerEvent: {}
[230.474144] (-) TimerEvent: {}
[230.574377] (-) TimerEvent: {}
[230.674711] (-) TimerEvent: {}
[230.774953] (-) TimerEvent: {}
[230.875197] (-) TimerEvent: {}
[230.975456] (-) TimerEvent: {}
[231.075697] (-) TimerEvent: {}
[231.175964] (-) TimerEvent: {}
[231.276202] (-) TimerEvent: {}
[231.376516] (-) TimerEvent: {}
[231.476763] (-) TimerEvent: {}
[231.577054] (-) TimerEvent: {}
[231.677307] (-) TimerEvent: {}
[231.777595] (-) TimerEvent: {}
[231.877831] (-) TimerEvent: {}
[231.978063] (-) TimerEvent: {}
[232.078298] (-) TimerEvent: {}
[232.178532] (-) TimerEvent: {}
[232.278768] (-) TimerEvent: {}
[232.379014] (-) TimerEvent: {}
[232.479264] (-) TimerEvent: {}
[232.579510] (-) TimerEvent: {}
[232.679750] (-) TimerEvent: {}
[232.779989] (-) TimerEvent: {}
[232.880351] (-) TimerEvent: {}
[232.980696] (-) TimerEvent: {}
[233.080927] (-) TimerEvent: {}
[233.181168] (-) TimerEvent: {}
[233.281407] (-) TimerEvent: {}
[233.381671] (-) TimerEvent: {}
[233.481927] (-) TimerEvent: {}
[233.582173] (-) TimerEvent: {}
[233.682410] (-) TimerEvent: {}
[233.782640] (-) TimerEvent: {}
[233.882886] (-) TimerEvent: {}
[233.983149] (-) TimerEvent: {}
[234.083395] (-) TimerEvent: {}
[234.183676] (-) TimerEvent: {}
[234.283906] (-) TimerEvent: {}
[234.384139] (-) TimerEvent: {}
[234.484375] (-) TimerEvent: {}
[234.584624] (-) TimerEvent: {}
[234.684867] (-) TimerEvent: {}
[234.785103] (-) TimerEvent: {}
[234.885336] (-) TimerEvent: {}
[234.985580] (-) TimerEvent: {}
[235.085826] (-) TimerEvent: {}
[235.186083] (-) TimerEvent: {}
[235.286495] (-) TimerEvent: {}
[235.386740] (-) TimerEvent: {}
[235.487017] (-) TimerEvent: {}
[235.587267] (-) TimerEvent: {}
[235.687507] (-) TimerEvent: {}
[235.787751] (-) TimerEvent: {}
[235.888629] (-) TimerEvent: {}
[235.989477] (-) TimerEvent: {}
[236.089774] (-) TimerEvent: {}
[236.190019] (-) TimerEvent: {}
[236.290300] (-) TimerEvent: {}
[236.390572] (-) TimerEvent: {}
[236.490806] (-) TimerEvent: {}
[236.591042] (-) TimerEvent: {}
[236.691267] (-) TimerEvent: {}
[236.791540] (-) TimerEvent: {}
[236.891760] (-) TimerEvent: {}
[236.991980] (-) TimerEvent: {}
[237.092215] (-) TimerEvent: {}
[237.194505] (-) TimerEvent: {}
[237.295002] (-) TimerEvent: {}
[237.395254] (-) TimerEvent: {}
[237.495761] (-) TimerEvent: {}
[237.597546] (-) TimerEvent: {}
[237.649256] (ros1_bridge) StdoutLine: {'line': b'[ 73%] Building CXX object CMakeFiles/ros1_bridge.dir/generated/shape_msgs__msg__Plane__factories.cpp.o\n'}
[237.697671] (-) TimerEvent: {}
[237.801815] (-) TimerEvent: {}
[237.902044] (-) TimerEvent: {}
[238.002279] (-) TimerEvent: {}
[238.102514] (-) TimerEvent: {}
[238.202749] (-) TimerEvent: {}
[238.302990] (-) TimerEvent: {}
[238.403233] (-) TimerEvent: {}
[238.503470] (-) TimerEvent: {}
[238.603897] (-) TimerEvent: {}
[238.704145] (-) TimerEvent: {}
[238.815090] (-) TimerEvent: {}
[238.915315] (-) TimerEvent: {}
[239.015538] (-) TimerEvent: {}
[239.115760] (-) TimerEvent: {}
[239.215985] (-) TimerEvent: {}
[239.316209] (-) TimerEvent: {}
[239.416567] (-) TimerEvent: {}
[239.516806] (-) TimerEvent: {}
[239.617031] (-) TimerEvent: {}
[239.717271] (-) TimerEvent: {}
[239.817500] (-) TimerEvent: {}
[239.917875] (-) TimerEvent: {}
[240.018104] (-) TimerEvent: {}
[240.118332] (-) TimerEvent: {}
[240.218560] (-) TimerEvent: {}
[240.318807] (-) TimerEvent: {}
[240.419048] (-) TimerEvent: {}
[240.519345] (-) TimerEvent: {}
[240.619582] (-) TimerEvent: {}
[240.719807] (-) TimerEvent: {}
[240.820039] (-) TimerEvent: {}
[240.920273] (-) TimerEvent: {}
[241.020506] (-) TimerEvent: {}
[241.120732] (-) TimerEvent: {}
[241.220961] (-) TimerEvent: {}
[241.321211] (-) TimerEvent: {}
[241.421451] (-) TimerEvent: {}
[241.521685] (-) TimerEvent: {}
[241.621929] (-) TimerEvent: {}
[241.722174] (-) TimerEvent: {}
[241.822402] (-) TimerEvent: {}
[241.922657] (-) TimerEvent: {}
[241.951253] (ros1_bridge) StdoutLine: {'line': b'[ 73%] Building CXX object CMakeFiles/ros1_bridge.dir/generated/shape_msgs__msg__SolidPrimitive__factories.cpp.o\n'}
[242.022773] (-) TimerEvent: {}
[242.123025] (-) TimerEvent: {}
[242.223269] (-) TimerEvent: {}
[242.323506] (-) TimerEvent: {}
[242.394144] (ros1_bridge) StdoutLine: {'line': b'[ 73%] Building CXX object CMakeFiles/ros1_bridge.dir/generated/statistics_msgs_factories.cpp.o\n'}
[242.423621] (-) TimerEvent: {}
[242.523848] (-) TimerEvent: {}
[242.624072] (-) TimerEvent: {}
[242.724293] (-) TimerEvent: {}
[242.824516] (-) TimerEvent: {}
[242.924744] (-) TimerEvent: {}
[243.027257] (-) TimerEvent: {}
[243.072300] (ros1_bridge) StdoutLine: {'line': b'[ 74%] Building CXX object CMakeFiles/ros1_bridge.dir/generated/statistics_msgs__msg__MetricsMessage__factories.cpp.o\n'}
[243.127327] (-) TimerEvent: {}
[243.199116] (ros1_bridge) StdoutLine: {'line': b'[ 74%] Building CXX object CMakeFiles/ros1_bridge.dir/generated/statistics_msgs__msg__StatisticDataPoint__factories.cpp.o\n'}
[243.227442] (-) TimerEvent: {}
[243.327665] (-) TimerEvent: {}
[243.428004] (-) TimerEvent: {}
[243.527915] (ros1_bridge) StdoutLine: {'line': b'[ 74%] Building CXX object CMakeFiles/ros1_bridge.dir/generated/statistics_msgs__msg__StatisticDataType__factories.cpp.o\n'}
[243.528200] (-) TimerEvent: {}
[243.628369] (-) TimerEvent: {}
[243.711568] (ros1_bridge) StdoutLine: {'line': b'[ 75%] Building CXX object CMakeFiles/ros1_bridge.dir/generated/std_msgs_factories.cpp.o\n'}
[243.728486] (-) TimerEvent: {}
[243.802453] (ros1_bridge) StdoutLine: {'line': b'[ 75%] Building CXX object CMakeFiles/ros1_bridge.dir/generated/std_msgs__msg__Bool__factories.cpp.o\n'}
[243.828600] (-) TimerEvent: {}
[243.928815] (-) TimerEvent: {}
[244.029039] (-) TimerEvent: {}
[244.129267] (-) TimerEvent: {}
[244.201750] (ros1_bridge) StdoutLine: {'line': b'[ 75%] Building CXX object CMakeFiles/ros1_bridge.dir/generated/std_msgs__msg__Byte__factories.cpp.o\n'}
[244.229382] (-) TimerEvent: {}
[244.329610] (-) TimerEvent: {}
[244.429979] (-) TimerEvent: {}
[244.530216] (-) TimerEvent: {}
[244.630441] (-) TimerEvent: {}
[244.730668] (-) TimerEvent: {}
[244.831048] (-) TimerEvent: {}
[244.931449] (-) TimerEvent: {}
[245.031681] (-) TimerEvent: {}
[245.131935] (-) TimerEvent: {}
[245.232167] (-) TimerEvent: {}
[245.332395] (-) TimerEvent: {}
[245.432692] (-) TimerEvent: {}
[245.532924] (-) TimerEvent: {}
[245.633162] (-) TimerEvent: {}
[245.733394] (-) TimerEvent: {}
[245.833740] (-) TimerEvent: {}
[245.934195] (-) TimerEvent: {}
[246.034610] (-) TimerEvent: {}
[246.135514] (-) TimerEvent: {}
[246.235735] (-) TimerEvent: {}
[246.336185] (-) TimerEvent: {}
[246.436407] (-) TimerEvent: {}
[246.527057] (ros1_bridge) StdoutLine: {'line': b'[ 75%] Building CXX object CMakeFiles/ros1_bridge.dir/generated/std_msgs__msg__ByteMultiArray__factories.cpp.o\n'}
[246.536632] (-) TimerEvent: {}
[246.636860] (-) TimerEvent: {}
[246.737096] (-) TimerEvent: {}
[246.837331] (-) TimerEvent: {}
[246.937569] (-) TimerEvent: {}
[247.037799] (-) TimerEvent: {}
[247.140003] (-) TimerEvent: {}
[247.240230] (-) TimerEvent: {}
[247.340459] (-) TimerEvent: {}
[247.440689] (-) TimerEvent: {}
[247.540915] (-) TimerEvent: {}
[247.641148] (-) TimerEvent: {}
[247.741374] (-) TimerEvent: {}
[247.841613] (-) TimerEvent: {}
[247.941855] (-) TimerEvent: {}
[248.042092] (-) TimerEvent: {}
[248.142338] (-) TimerEvent: {}
[248.242566] (-) TimerEvent: {}
[248.342800] (-) TimerEvent: {}
[248.443040] (-) TimerEvent: {}
[248.543272] (-) TimerEvent: {}
[248.643508] (-) TimerEvent: {}
[248.743739] (-) TimerEvent: {}
[248.843965] (-) TimerEvent: {}
[248.944201] (-) TimerEvent: {}
[249.044440] (-) TimerEvent: {}
[249.144674] (-) TimerEvent: {}
[249.244914] (-) TimerEvent: {}
[249.282525] (ros1_bridge) StdoutLine: {'line': b'[ 76%] Building CXX object CMakeFiles/ros1_bridge.dir/generated/std_msgs__msg__Char__factories.cpp.o\n'}
[249.345034] (-) TimerEvent: {}
[249.445269] (-) TimerEvent: {}
[249.545511] (-) TimerEvent: {}
[249.645737] (-) TimerEvent: {}
[249.684317] (ros1_bridge) StdoutLine: {'line': b'[ 76%] Building CXX object CMakeFiles/ros1_bridge.dir/generated/std_msgs__msg__ColorRGBA__factories.cpp.o\n'}
[249.745855] (-) TimerEvent: {}
[249.846082] (-) TimerEvent: {}
[249.902624] (ros1_bridge) StdoutLine: {'line': b'[ 76%] Building CXX object CMakeFiles/ros1_bridge.dir/generated/std_msgs__msg__Empty__factories.cpp.o\n'}
[249.946198] (-) TimerEvent: {}
[250.046438] (-) TimerEvent: {}
[250.146678] (-) TimerEvent: {}
[250.246907] (-) TimerEvent: {}
[250.333839] (ros1_bridge) StdoutLine: {'line': b'[ 77%] Building CXX object CMakeFiles/ros1_bridge.dir/generated/std_msgs__msg__Float32__factories.cpp.o\n'}
[250.347035] (-) TimerEvent: {}
[250.447260] (-) TimerEvent: {}
[250.547494] (-) TimerEvent: {}
[250.647743] (-) TimerEvent: {}
[250.747981] (-) TimerEvent: {}
[250.848215] (-) TimerEvent: {}
[250.948542] (-) TimerEvent: {}
[251.049765] (-) TimerEvent: {}
[251.150096] (-) TimerEvent: {}
[251.250336] (-) TimerEvent: {}
[251.350569] (-) TimerEvent: {}
[251.450814] (-) TimerEvent: {}
[251.551060] (-) TimerEvent: {}
[251.651298] (-) TimerEvent: {}
[251.751531] (-) TimerEvent: {}
[251.752334] (ros1_bridge) StdoutLine: {'line': b'[ 77%] Building CXX object CMakeFiles/ros1_bridge.dir/generated/std_msgs__msg__Float32MultiArray__factories.cpp.o\n'}
[251.851678] (-) TimerEvent: {}
[251.959085] (-) TimerEvent: {}
[252.059324] (-) TimerEvent: {}
[252.159556] (-) TimerEvent: {}
[252.259789] (-) TimerEvent: {}
[252.360019] (-) TimerEvent: {}
[252.460259] (-) TimerEvent: {}
[252.498682] (ros1_bridge) StdoutLine: {'line': b'[ 77%] Building CXX object CMakeFiles/ros1_bridge.dir/generated/std_msgs__msg__Float64__factories.cpp.o\n'}
[252.560380] (-) TimerEvent: {}
[252.660611] (-) TimerEvent: {}
[252.760834] (-) TimerEvent: {}
[252.861059] (-) TimerEvent: {}
[252.924122] (ros1_bridge) StdoutLine: {'line': b'[ 77%] Building CXX object CMakeFiles/ros1_bridge.dir/generated/std_msgs__msg__Float64MultiArray__factories.cpp.o\n'}
[252.961186] (-) TimerEvent: {}
[252.972926] (ros1_bridge) StdoutLine: {'line': b'[ 78%] Building CXX object CMakeFiles/ros1_bridge.dir/generated/std_msgs__msg__Header__factories.cpp.o\n'}
[253.061311] (-) TimerEvent: {}
[253.161537] (-) TimerEvent: {}
[253.261778] (-) TimerEvent: {}
[253.362011] (-) TimerEvent: {}
[253.462262] (-) TimerEvent: {}
[253.562497] (-) TimerEvent: {}
[253.662800] (-) TimerEvent: {}
[253.691605] (ros1_bridge) StdoutLine: {'line': b'[ 78%] Building CXX object CMakeFiles/ros1_bridge.dir/generated/std_msgs__msg__Int16__factories.cpp.o\n'}
[253.762938] (-) TimerEvent: {}
[253.863180] (-) TimerEvent: {}
[253.902228] (ros1_bridge) StdoutLine: {'line': b'[ 78%] Building CXX object CMakeFiles/ros1_bridge.dir/generated/std_msgs__msg__Int16MultiArray__factories.cpp.o\n'}
[253.963307] (-) TimerEvent: {}
[254.063543] (-) TimerEvent: {}
[254.163776] (-) TimerEvent: {}
[254.264009] (-) TimerEvent: {}
[254.364245] (-) TimerEvent: {}
[254.464469] (-) TimerEvent: {}
[254.564695] (-) TimerEvent: {}
[254.588142] (ros1_bridge) StdoutLine: {'line': b'[ 79%] Building CXX object CMakeFiles/ros1_bridge.dir/generated/std_msgs__msg__Int32__factories.cpp.o\n'}
[254.664822] (-) TimerEvent: {}
[254.765059] (-) TimerEvent: {}
[254.865293] (-) TimerEvent: {}
[254.965558] (-) TimerEvent: {}
[255.065790] (-) TimerEvent: {}
[255.166007] (-) TimerEvent: {}
[255.266246] (-) TimerEvent: {}
[255.366465] (-) TimerEvent: {}
[255.466697] (-) TimerEvent: {}
[255.566967] (-) TimerEvent: {}
[255.667230] (-) TimerEvent: {}
[255.767468] (-) TimerEvent: {}
[255.867695] (-) TimerEvent: {}
[255.967930] (-) TimerEvent: {}
[256.068165] (-) TimerEvent: {}
[256.168401] (-) TimerEvent: {}
[256.268642] (-) TimerEvent: {}
[256.368888] (-) TimerEvent: {}
[256.469137] (-) TimerEvent: {}
[256.569365] (-) TimerEvent: {}
[256.669703] (-) TimerEvent: {}
[256.769933] (-) TimerEvent: {}
[256.870188] (-) TimerEvent: {}
[256.970426] (-) TimerEvent: {}
[257.070659] (-) TimerEvent: {}
[257.170890] (-) TimerEvent: {}
[257.271129] (-) TimerEvent: {}
[257.371358] (-) TimerEvent: {}
[257.471588] (-) TimerEvent: {}
[257.571846] (-) TimerEvent: {}
[257.672105] (-) TimerEvent: {}
[257.772345] (-) TimerEvent: {}
[257.872591] (-) TimerEvent: {}
[257.972838] (-) TimerEvent: {}
[258.073075] (-) TimerEvent: {}
[258.173317] (-) TimerEvent: {}
[258.273700] (-) TimerEvent: {}
[258.373928] (-) TimerEvent: {}
[258.474292] (-) TimerEvent: {}
[258.574532] (-) TimerEvent: {}
[258.674766] (-) TimerEvent: {}
[258.775005] (-) TimerEvent: {}
[258.875282] (-) TimerEvent: {}
[258.975515] (-) TimerEvent: {}
[259.075776] (-) TimerEvent: {}
[259.176016] (-) TimerEvent: {}
[259.276246] (-) TimerEvent: {}
[259.376488] (-) TimerEvent: {}
[259.476740] (-) TimerEvent: {}
[259.577009] (-) TimerEvent: {}
[259.677252] (-) TimerEvent: {}
[259.777495] (-) TimerEvent: {}
[259.877769] (-) TimerEvent: {}
[259.978003] (-) TimerEvent: {}
[260.078238] (-) TimerEvent: {}
[260.178474] (-) TimerEvent: {}
[260.278719] (-) TimerEvent: {}
[260.378958] (-) TimerEvent: {}
[260.479212] (-) TimerEvent: {}
[260.579482] (-) TimerEvent: {}
[260.679721] (-) TimerEvent: {}
[260.779962] (-) TimerEvent: {}
[260.884117] (-) TimerEvent: {}
[260.984343] (-) TimerEvent: {}
[260.999843] (ros1_bridge) StdoutLine: {'line': b'[ 79%] Building CXX object CMakeFiles/ros1_bridge.dir/generated/std_msgs__msg__Int32MultiArray__factories.cpp.o\n'}
[261.084464] (-) TimerEvent: {}
[261.184698] (-) TimerEvent: {}
[261.284935] (-) TimerEvent: {}
[261.385179] (-) TimerEvent: {}
[261.485419] (-) TimerEvent: {}
[261.585664] (-) TimerEvent: {}
[261.685909] (-) TimerEvent: {}
[261.786161] (-) TimerEvent: {}
[261.886818] (-) TimerEvent: {}
[261.987083] (-) TimerEvent: {}
[262.087494] (-) TimerEvent: {}
[262.187744] (-) TimerEvent: {}
[262.287980] (-) TimerEvent: {}
[262.388237] (-) TimerEvent: {}
[262.488498] (-) TimerEvent: {}
[262.588728] (-) TimerEvent: {}
[262.688972] (-) TimerEvent: {}
[262.789209] (-) TimerEvent: {}
[262.889451] (-) TimerEvent: {}
[262.989816] (-) TimerEvent: {}
[263.090049] (-) TimerEvent: {}
[263.190299] (-) TimerEvent: {}
[263.290532] (-) TimerEvent: {}
[263.390769] (-) TimerEvent: {}
[263.491104] (-) TimerEvent: {}
[263.591341] (-) TimerEvent: {}
[263.691576] (-) TimerEvent: {}
[263.791908] (-) TimerEvent: {}
[263.892143] (-) TimerEvent: {}
[263.992422] (-) TimerEvent: {}
[264.092651] (-) TimerEvent: {}
[264.192881] (-) TimerEvent: {}
[264.293149] (-) TimerEvent: {}
[264.393387] (-) TimerEvent: {}
[264.493760] (-) TimerEvent: {}
[264.593997] (-) TimerEvent: {}
[264.694249] (-) TimerEvent: {}
[264.794602] (-) TimerEvent: {}
[264.894867] (-) TimerEvent: {}
[264.995268] (-) TimerEvent: {}
[265.095506] (-) TimerEvent: {}
[265.195745] (-) TimerEvent: {}
[265.296052] (-) TimerEvent: {}
[265.396366] (-) TimerEvent: {}
[265.496687] (-) TimerEvent: {}
[265.596979] (-) TimerEvent: {}
[265.697274] (-) TimerEvent: {}
[265.797512] (-) TimerEvent: {}
[265.897885] (-) TimerEvent: {}
[265.998133] (-) TimerEvent: {}
[265.998563] (ros1_bridge) StdoutLine: {'line': b'[ 79%] Building CXX object CMakeFiles/ros1_bridge.dir/generated/std_msgs__msg__Int64__factories.cpp.o\n'}
[266.098496] (-) TimerEvent: {}
[266.198755] (-) TimerEvent: {}
[266.302253] (-) TimerEvent: {}
[266.402483] (-) TimerEvent: {}
[266.502717] (-) TimerEvent: {}
[266.602976] (-) TimerEvent: {}
[266.703221] (-) TimerEvent: {}
[266.807481] (-) TimerEvent: {}
[266.907707] (-) TimerEvent: {}
[266.967232] (ros1_bridge) StdoutLine: {'line': b'[ 80%] Building CXX object CMakeFiles/ros1_bridge.dir/generated/std_msgs__msg__Int64MultiArray__factories.cpp.o\n'}
[267.007824] (-) TimerEvent: {}
[267.108055] (-) TimerEvent: {}
[267.208291] (-) TimerEvent: {}
[267.308527] (-) TimerEvent: {}
[267.408765] (-) TimerEvent: {}
[267.475186] (ros1_bridge) StdoutLine: {'line': b'[ 80%] Building CXX object CMakeFiles/ros1_bridge.dir/generated/std_msgs__msg__Int8__factories.cpp.o\n'}
[267.508885] (-) TimerEvent: {}
[267.609211] (-) TimerEvent: {}
[267.709435] (-) TimerEvent: {}
[267.809713] (-) TimerEvent: {}
[267.910003] (-) TimerEvent: {}
[268.010241] (-) TimerEvent: {}
[268.110508] (-) TimerEvent: {}
[268.210734] (-) TimerEvent: {}
[268.311014] (-) TimerEvent: {}
[268.411260] (-) TimerEvent: {}
[268.511485] (-) TimerEvent: {}
[268.611707] (-) TimerEvent: {}
[268.711928] (-) TimerEvent: {}
[268.812177] (-) TimerEvent: {}
[268.912635] (-) TimerEvent: {}
[269.012854] (-) TimerEvent: {}
[269.113065] (-) TimerEvent: {}
[269.213430] (-) TimerEvent: {}
[269.313647] (-) TimerEvent: {}
[269.413874] (-) TimerEvent: {}
[269.514096] (-) TimerEvent: {}
[269.614316] (-) TimerEvent: {}
[269.714602] (-) TimerEvent: {}
[269.823103] (-) TimerEvent: {}
[269.923333] (-) TimerEvent: {}
[270.023563] (-) TimerEvent: {}
[270.123795] (-) TimerEvent: {}
[270.224017] (-) TimerEvent: {}
[270.324260] (-) TimerEvent: {}
[270.424488] (-) TimerEvent: {}
[270.524889] (-) TimerEvent: {}
[270.625216] (-) TimerEvent: {}
[270.725444] (-) TimerEvent: {}
[270.825971] (-) TimerEvent: {}
[270.881371] (ros1_bridge) StdoutLine: {'line': b'[ 80%] Building CXX object CMakeFiles/ros1_bridge.dir/generated/std_msgs__msg__Int8MultiArray__factories.cpp.o\n'}
[270.926091] (-) TimerEvent: {}
[271.026318] (-) TimerEvent: {}
[271.126538] (-) TimerEvent: {}
[271.226761] (-) TimerEvent: {}
[271.326978] (-) TimerEvent: {}
[271.427200] (-) TimerEvent: {}
[271.527418] (-) TimerEvent: {}
[271.627639] (-) TimerEvent: {}
[271.727863] (-) TimerEvent: {}
[271.828351] (-) TimerEvent: {}
[271.928575] (-) TimerEvent: {}
[271.954767] (ros1_bridge) StdoutLine: {'line': b'[ 80%] Building CXX object CMakeFiles/ros1_bridge.dir/generated/std_msgs__msg__MultiArrayDimension__factories.cpp.o\n'}
[272.029315] (-) TimerEvent: {}
[272.129552] (-) TimerEvent: {}
[272.229786] (-) TimerEvent: {}
[272.330021] (-) TimerEvent: {}
[272.430273] (-) TimerEvent: {}
[272.530501] (-) TimerEvent: {}
[272.630735] (-) TimerEvent: {}
[272.730966] (-) TimerEvent: {}
[272.831200] (-) TimerEvent: {}
[272.931429] (-) TimerEvent: {}
[273.031669] (-) TimerEvent: {}
[273.071424] (ros1_bridge) StdoutLine: {'line': b'[ 81%] Building CXX object CMakeFiles/ros1_bridge.dir/generated/std_msgs__msg__MultiArrayLayout__factories.cpp.o\n'}
[273.131790] (-) TimerEvent: {}
[273.232130] (-) TimerEvent: {}
[273.332396] (-) TimerEvent: {}
[273.432644] (-) TimerEvent: {}
[273.533569] (-) TimerEvent: {}
[273.634008] (-) TimerEvent: {}
[273.688297] (ros1_bridge) StdoutLine: {'line': b'[ 81%] Building CXX object CMakeFiles/ros1_bridge.dir/generated/std_msgs__msg__String__factories.cpp.o\n'}
[273.734308] (-) TimerEvent: {}
[273.835064] (-) TimerEvent: {}
[273.935297] (-) TimerEvent: {}
[274.035557] (-) TimerEvent: {}
[274.135799] (-) TimerEvent: {}
[274.236031] (-) TimerEvent: {}
[274.336278] (-) TimerEvent: {}
[274.349917] (ros1_bridge) StdoutLine: {'line': b'[ 81%] Building CXX object CMakeFiles/ros1_bridge.dir/generated/std_msgs__msg__UInt16__factories.cpp.o\n'}
[274.436417] (-) TimerEvent: {}
[274.536713] (-) TimerEvent: {}
[274.636934] (-) TimerEvent: {}
[274.737151] (-) TimerEvent: {}
[274.837383] (-) TimerEvent: {}
[274.937616] (-) TimerEvent: {}
[275.037927] (-) TimerEvent: {}
[275.138147] (-) TimerEvent: {}
[275.238376] (-) TimerEvent: {}
[275.338610] (-) TimerEvent: {}
[275.438828] (-) TimerEvent: {}
[275.542258] (-) TimerEvent: {}
[275.639437] (ros1_bridge) StdoutLine: {'line': b'[ 82%] Building CXX object CMakeFiles/ros1_bridge.dir/generated/std_msgs__msg__UInt16MultiArray__factories.cpp.o\n'}
[275.642395] (-) TimerEvent: {}
[275.742683] (-) TimerEvent: {}
[275.848568] (-) TimerEvent: {}
[275.948814] (-) TimerEvent: {}
[276.049066] (-) TimerEvent: {}
[276.102097] (ros1_bridge) StdoutLine: {'line': b'[ 82%] Building CXX object CMakeFiles/ros1_bridge.dir/generated/std_msgs__msg__UInt32__factories.cpp.o\n'}
[276.149178] (-) TimerEvent: {}
[276.224340] (ros1_bridge) StdoutLine: {'line': b'[ 82%] Building CXX object CMakeFiles/ros1_bridge.dir/generated/std_msgs__msg__UInt32MultiArray__factories.cpp.o\n'}
[276.249296] (-) TimerEvent: {}
[276.349522] (-) TimerEvent: {}
[276.449743] (-) TimerEvent: {}
[276.549962] (-) TimerEvent: {}
[276.650189] (-) TimerEvent: {}
[276.666794] (ros1_bridge) StdoutLine: {'line': b'[ 82%] Building CXX object CMakeFiles/ros1_bridge.dir/generated/std_msgs__msg__UInt64__factories.cpp.o\n'}
[276.750308] (-) TimerEvent: {}
[276.850531] (-) TimerEvent: {}
[276.950752] (-) TimerEvent: {}
[277.050971] (-) TimerEvent: {}
[277.151199] (-) TimerEvent: {}
[277.251418] (-) TimerEvent: {}
[277.351635] (-) TimerEvent: {}
[277.451860] (-) TimerEvent: {}
[277.552095] (-) TimerEvent: {}
[277.599121] (ros1_bridge) StdoutLine: {'line': b'[ 83%] Building CXX object CMakeFiles/ros1_bridge.dir/generated/std_msgs__msg__UInt64MultiArray__factories.cpp.o\n'}
[277.652220] (-) TimerEvent: {}
[277.752740] (-) TimerEvent: {}
[277.852983] (-) TimerEvent: {}
[277.927394] (ros1_bridge) StdoutLine: {'line': b'[ 83%] Building CXX object CMakeFiles/ros1_bridge.dir/generated/std_msgs__msg__UInt8__factories.cpp.o\n'}
[277.953097] (-) TimerEvent: {}
[278.053486] (-) TimerEvent: {}
[278.153717] (-) TimerEvent: {}
[278.253955] (-) TimerEvent: {}
[278.354186] (-) TimerEvent: {}
[278.454432] (-) TimerEvent: {}
[278.486925] (ros1_bridge) StdoutLine: {'line': b'[ 83%] Building CXX object CMakeFiles/ros1_bridge.dir/generated/std_msgs__msg__UInt8MultiArray__factories.cpp.o\n'}
[278.554553] (-) TimerEvent: {}
[278.654801] (-) TimerEvent: {}
[278.755048] (-) TimerEvent: {}
[278.855279] (-) TimerEvent: {}
[278.955510] (-) TimerEvent: {}
[279.055782] (-) TimerEvent: {}
[279.156015] (-) TimerEvent: {}
[279.256243] (-) TimerEvent: {}
[279.356487] (-) TimerEvent: {}
[279.456734] (-) TimerEvent: {}
[279.556986] (-) TimerEvent: {}
[279.657228] (-) TimerEvent: {}
[279.757458] (-) TimerEvent: {}
[279.857687] (-) TimerEvent: {}
[279.957929] (-) TimerEvent: {}
[280.058168] (-) TimerEvent: {}
[280.158400] (-) TimerEvent: {}
[280.258643] (-) TimerEvent: {}
[280.359106] (-) TimerEvent: {}
[280.459352] (-) TimerEvent: {}
[280.559595] (-) TimerEvent: {}
[280.659841] (-) TimerEvent: {}
[280.760075] (-) TimerEvent: {}
[280.860308] (-) TimerEvent: {}
[280.960536] (-) TimerEvent: {}
[281.060771] (-) TimerEvent: {}
[281.161006] (-) TimerEvent: {}
[281.261240] (-) TimerEvent: {}
[281.361480] (-) TimerEvent: {}
[281.461717] (-) TimerEvent: {}
[281.561960] (-) TimerEvent: {}
[281.662205] (-) TimerEvent: {}
[281.762451] (-) TimerEvent: {}
[281.862830] (-) TimerEvent: {}
[281.963084] (-) TimerEvent: {}
[282.063679] (-) TimerEvent: {}
[282.163922] (-) TimerEvent: {}
[282.264240] (-) TimerEvent: {}
[282.364508] (-) TimerEvent: {}
[282.464748] (-) TimerEvent: {}
[282.564997] (-) TimerEvent: {}
[282.665244] (-) TimerEvent: {}
[282.765489] (-) TimerEvent: {}
[282.865728] (-) TimerEvent: {}
[282.965954] (-) TimerEvent: {}
[283.066198] (-) TimerEvent: {}
[283.166445] (-) TimerEvent: {}
[283.266683] (-) TimerEvent: {}
[283.366918] (-) TimerEvent: {}
[283.467160] (-) TimerEvent: {}
[283.567531] (-) TimerEvent: {}
[283.667762] (-) TimerEvent: {}
[283.767997] (-) TimerEvent: {}
[283.868234] (-) TimerEvent: {}
[283.968464] (-) TimerEvent: {}
[284.068703] (-) TimerEvent: {}
[284.168955] (-) TimerEvent: {}
[284.269231] (-) TimerEvent: {}
[284.369470] (-) TimerEvent: {}
[284.469714] (-) TimerEvent: {}
[284.569960] (-) TimerEvent: {}
[284.670195] (-) TimerEvent: {}
[284.770436] (-) TimerEvent: {}
[284.870678] (-) TimerEvent: {}
[284.970923] (-) TimerEvent: {}
[285.071175] (-) TimerEvent: {}
[285.171411] (-) TimerEvent: {}
[285.204375] (ros1_bridge) StdoutLine: {'line': b'[ 84%] Building CXX object CMakeFiles/ros1_bridge.dir/generated/std_srvs_factories.cpp.o\n'}
[285.271532] (-) TimerEvent: {}
[285.371769] (-) TimerEvent: {}
[285.471999] (-) TimerEvent: {}
[285.572345] (-) TimerEvent: {}
[285.672642] (-) TimerEvent: {}
[285.772898] (-) TimerEvent: {}
[285.873164] (-) TimerEvent: {}
[285.973394] (-) TimerEvent: {}
[286.073648] (-) TimerEvent: {}
[286.174525] (-) TimerEvent: {}
[286.274764] (-) TimerEvent: {}
[286.374988] (-) TimerEvent: {}
[286.475232] (-) TimerEvent: {}
[286.575461] (-) TimerEvent: {}
[286.675690] (-) TimerEvent: {}
[286.775938] (-) TimerEvent: {}
[286.876205] (-) TimerEvent: {}
[286.976448] (-) TimerEvent: {}
[287.076691] (-) TimerEvent: {}
[287.176996] (-) TimerEvent: {}
[287.277230] (-) TimerEvent: {}
[287.377473] (-) TimerEvent: {}
[287.477720] (-) TimerEvent: {}
[287.577953] (-) TimerEvent: {}
[287.678190] (-) TimerEvent: {}
[287.778438] (-) TimerEvent: {}
[287.878681] (-) TimerEvent: {}
[287.978922] (-) TimerEvent: {}
[288.079180] (-) TimerEvent: {}
[288.179423] (-) TimerEvent: {}
[288.279664] (-) TimerEvent: {}
[288.379910] (-) TimerEvent: {}
[288.480145] (-) TimerEvent: {}
[288.580375] (-) TimerEvent: {}
[288.680604] (-) TimerEvent: {}
[288.780839] (-) TimerEvent: {}
[288.881072] (-) TimerEvent: {}
[288.981301] (-) TimerEvent: {}
[289.081535] (-) TimerEvent: {}
[289.182034] (-) TimerEvent: {}
[289.282256] (-) TimerEvent: {}
[289.382483] (-) TimerEvent: {}
[289.482708] (-) TimerEvent: {}
[289.583035] (-) TimerEvent: {}
[289.683261] (-) TimerEvent: {}
[289.783482] (-) TimerEvent: {}
[289.883708] (-) TimerEvent: {}
[289.983941] (-) TimerEvent: {}
[290.049636] (ros1_bridge) StdoutLine: {'line': b'[ 84%] Building CXX object CMakeFiles/ros1_bridge.dir/generated/std_srvs__srv__Empty__factories.cpp.o\n'}
[290.084054] (-) TimerEvent: {}
[290.184287] (-) TimerEvent: {}
[290.284562] (-) TimerEvent: {}
[290.387701] (-) TimerEvent: {}
[290.487931] (-) TimerEvent: {}
[290.588165] (-) TimerEvent: {}
[290.688388] (-) TimerEvent: {}
[290.788615] (-) TimerEvent: {}
[290.824153] (ros1_bridge) StdoutLine: {'line': b'[ 84%] Building CXX object CMakeFiles/ros1_bridge.dir/generated/std_srvs__srv__SetBool__factories.cpp.o\n'}
[290.833721] (ros1_bridge) StdoutLine: {'line': b'[ 84%] Building CXX object CMakeFiles/ros1_bridge.dir/generated/std_srvs__srv__Trigger__factories.cpp.o\n'}
[290.888813] (-) TimerEvent: {}
[290.989038] (-) TimerEvent: {}
[291.089316] (-) TimerEvent: {}
[291.189532] (-) TimerEvent: {}
[291.289761] (-) TimerEvent: {}
[291.389986] (-) TimerEvent: {}
[291.490285] (-) TimerEvent: {}
[291.590516] (-) TimerEvent: {}
[291.690742] (-) TimerEvent: {}
[291.790964] (-) TimerEvent: {}
[291.891196] (-) TimerEvent: {}
[291.991420] (-) TimerEvent: {}
[292.091639] (-) TimerEvent: {}
[292.191861] (-) TimerEvent: {}
[292.292088] (-) TimerEvent: {}
[292.392308] (-) TimerEvent: {}
[292.492527] (-) TimerEvent: {}
[292.592742] (-) TimerEvent: {}
[292.692962] (-) TimerEvent: {}
[292.793191] (-) TimerEvent: {}
[292.893416] (-) TimerEvent: {}
[292.993638] (-) TimerEvent: {}
[293.093862] (-) TimerEvent: {}
[293.194085] (-) TimerEvent: {}
[293.294308] (-) TimerEvent: {}
[293.394534] (-) TimerEvent: {}
[293.494803] (-) TimerEvent: {}
[293.595028] (-) TimerEvent: {}
[293.695250] (-) TimerEvent: {}
[293.795535] (-) TimerEvent: {}
[293.895765] (-) TimerEvent: {}
[293.996069] (-) TimerEvent: {}
[294.039492] (ros1_bridge) StdoutLine: {'line': b'[ 85%] Building CXX object CMakeFiles/ros1_bridge.dir/generated/stereo_msgs_factories.cpp.o\n'}
[294.096186] (-) TimerEvent: {}
[294.196409] (-) TimerEvent: {}
[294.296634] (-) TimerEvent: {}
[294.397739] (-) TimerEvent: {}
[294.497965] (-) TimerEvent: {}
[294.598188] (-) TimerEvent: {}
[294.698409] (-) TimerEvent: {}
[294.798636] (-) TimerEvent: {}
[294.898858] (-) TimerEvent: {}
[294.999199] (-) TimerEvent: {}
[295.099414] (-) TimerEvent: {}
[295.199639] (-) TimerEvent: {}
[295.299862] (-) TimerEvent: {}
[295.400083] (-) TimerEvent: {}
[295.500313] (-) TimerEvent: {}
[295.600533] (-) TimerEvent: {}
[295.700754] (-) TimerEvent: {}
[295.728911] (ros1_bridge) StdoutLine: {'line': b'[ 85%] Building CXX object CMakeFiles/ros1_bridge.dir/generated/stereo_msgs__msg__DisparityImage__factories.cpp.o\n'}
[295.800873] (-) TimerEvent: {}
[295.901114] (-) TimerEvent: {}
[295.958186] (ros1_bridge) StdoutLine: {'line': b'[ 85%] Building CXX object CMakeFiles/ros1_bridge.dir/generated/tf2_msgs_factories.cpp.o\n'}
[296.001234] (-) TimerEvent: {}
[296.101456] (-) TimerEvent: {}
[296.201698] (-) TimerEvent: {}
[296.301927] (-) TimerEvent: {}
[296.402159] (-) TimerEvent: {}
[296.502382] (-) TimerEvent: {}
[296.602606] (-) TimerEvent: {}
[296.702837] (-) TimerEvent: {}
[296.803072] (-) TimerEvent: {}
[296.903307] (-) TimerEvent: {}
[296.945216] (ros1_bridge) StdoutLine: {'line': b'[ 86%] Building CXX object CMakeFiles/ros1_bridge.dir/generated/tf2_msgs__msg__TF2Error__factories.cpp.o\n'}
[297.003421] (-) TimerEvent: {}
[297.103636] (-) TimerEvent: {}
[297.203859] (-) TimerEvent: {}
[297.304081] (-) TimerEvent: {}
[297.404376] (-) TimerEvent: {}
[297.488992] (ros1_bridge) StdoutLine: {'line': b'[ 86%] Building CXX object CMakeFiles/ros1_bridge.dir/generated/tf2_msgs__msg__TFMessage__factories.cpp.o\n'}
[297.507133] (-) TimerEvent: {}
[297.607354] (-) TimerEvent: {}
[297.707573] (-) TimerEvent: {}
[297.807808] (-) TimerEvent: {}
[297.908073] (-) TimerEvent: {}
[298.008316] (-) TimerEvent: {}
[298.108544] (-) TimerEvent: {}
[298.208772] (-) TimerEvent: {}
[298.248513] (ros1_bridge) StdoutLine: {'line': b'[ 86%] Building CXX object CMakeFiles/ros1_bridge.dir/generated/tf2_msgs__srv__FrameGraph__factories.cpp.o\n'}
[298.308946] (-) TimerEvent: {}
[298.409186] (-) TimerEvent: {}
[298.509418] (-) TimerEvent: {}
[298.609651] (-) TimerEvent: {}
[298.709882] (-) TimerEvent: {}
[298.810110] (-) TimerEvent: {}
[298.910339] (-) TimerEvent: {}
[299.010568] (-) TimerEvent: {}
[299.110804] (-) TimerEvent: {}
[299.211030] (-) TimerEvent: {}
[299.262508] (ros1_bridge) StdoutLine: {'line': b'[ 87%] Building CXX object CMakeFiles/ros1_bridge.dir/generated/tf2_msgs__action__LookupTransform__factories.cpp.o\n'}
[299.311139] (-) TimerEvent: {}
[299.411355] (-) TimerEvent: {}
[299.412393] (ros1_bridge) StdoutLine: {'line': b'[ 87%] Building CXX object CMakeFiles/ros1_bridge.dir/generated/trajectory_msgs_factories.cpp.o\n'}
[299.511473] (-) TimerEvent: {}
[299.611696] (-) TimerEvent: {}
[299.691767] (ros1_bridge) StdoutLine: {'line': b'[ 87%] Building CXX object CMakeFiles/ros1_bridge.dir/generated/trajectory_msgs__msg__JointTrajectory__factories.cpp.o\n'}
[299.711818] (-) TimerEvent: {}
[299.812160] (-) TimerEvent: {}
[299.912389] (-) TimerEvent: {}
[300.012616] (-) TimerEvent: {}
[300.112838] (-) TimerEvent: {}
[300.213072] (-) TimerEvent: {}
[300.313309] (-) TimerEvent: {}
[300.413543] (-) TimerEvent: {}
[300.513769] (-) TimerEvent: {}
[300.613996] (-) TimerEvent: {}
[300.714230] (-) TimerEvent: {}
[300.814462] (-) TimerEvent: {}
[300.914698] (-) TimerEvent: {}
[301.014936] (-) TimerEvent: {}
[301.115175] (-) TimerEvent: {}
[301.216529] (-) TimerEvent: {}
[301.316764] (-) TimerEvent: {}
[301.416996] (-) TimerEvent: {}
[301.517342] (-) TimerEvent: {}
[301.615154] (ros1_bridge) StdoutLine: {'line': b'[ 87%] Building CXX object CMakeFiles/ros1_bridge.dir/generated/trajectory_msgs__msg__JointTrajectoryPoint__factories.cpp.o\n'}
[301.617429] (-) TimerEvent: {}
[301.655940] (ros1_bridge) StdoutLine: {'line': b'[ 88%] Building CXX object CMakeFiles/ros1_bridge.dir/generated/trajectory_msgs__msg__MultiDOFJointTrajectory__factories.cpp.o\n'}
[301.717558] (-) TimerEvent: {}
[301.802553] (ros1_bridge) StdoutLine: {'line': b'[ 88%] Building CXX object CMakeFiles/ros1_bridge.dir/generated/trajectory_msgs__msg__MultiDOFJointTrajectoryPoint__factories.cpp.o\n'}
[301.814676] (ros1_bridge) StdoutLine: {'line': b'[ 88%] Building CXX object CMakeFiles/ros1_bridge.dir/generated/turtlesim_factories.cpp.o\n'}
[301.817653] (-) TimerEvent: {}
[301.917868] (-) TimerEvent: {}
[302.018095] (-) TimerEvent: {}
[302.118317] (-) TimerEvent: {}
[302.218536] (-) TimerEvent: {}
[302.318752] (-) TimerEvent: {}
[302.418977] (-) TimerEvent: {}
[302.519205] (-) TimerEvent: {}
[302.619420] (-) TimerEvent: {}
[302.719647] (-) TimerEvent: {}
[302.819878] (-) TimerEvent: {}
[302.920108] (-) TimerEvent: {}
[303.020336] (-) TimerEvent: {}
[303.120557] (-) TimerEvent: {}
[303.220786] (-) TimerEvent: {}
[303.321009] (-) TimerEvent: {}
[303.421235] (-) TimerEvent: {}
[303.521463] (-) TimerEvent: {}
[303.621689] (-) TimerEvent: {}
[303.669096] (ros1_bridge) StdoutLine: {'line': b'[ 89%] Building CXX object CMakeFiles/ros1_bridge.dir/generated/turtlesim__action__RotateAbsolute__factories.cpp.o\n'}
[303.721807] (-) TimerEvent: {}
[303.822063] (-) TimerEvent: {}
[303.917160] (ros1_bridge) StdoutLine: {'line': b'[ 89%] Building CXX object CMakeFiles/ros1_bridge.dir/generated/turtlesim__msg__Color__factories.cpp.o\n'}
[303.922117] (-) TimerEvent: {}
[303.981226] (ros1_bridge) StdoutLine: {'line': b'[ 89%] Building CXX object CMakeFiles/ros1_bridge.dir/generated/turtlesim__msg__Pose__factories.cpp.o\n'}
[304.022238] (-) TimerEvent: {}
[304.122475] (-) TimerEvent: {}
[304.222712] (-) TimerEvent: {}
[304.322937] (-) TimerEvent: {}
[304.423183] (-) TimerEvent: {}
[304.461190] (ros1_bridge) StdoutLine: {'line': b'[ 89%] Building CXX object CMakeFiles/ros1_bridge.dir/generated/turtlesim__srv__Kill__factories.cpp.o\n'}
[304.523299] (-) TimerEvent: {}
[304.623530] (-) TimerEvent: {}
[304.723758] (-) TimerEvent: {}
[304.823989] (-) TimerEvent: {}
[304.924375] (-) TimerEvent: {}
[305.024647] (-) TimerEvent: {}
[305.124912] (-) TimerEvent: {}
[305.225144] (-) TimerEvent: {}
[305.325369] (-) TimerEvent: {}
[305.425602] (-) TimerEvent: {}
[305.525833] (-) TimerEvent: {}
[305.626068] (-) TimerEvent: {}
[305.726307] (-) TimerEvent: {}
[305.826552] (-) TimerEvent: {}
[305.926789] (-) TimerEvent: {}
[306.027046] (-) TimerEvent: {}
[306.128224] (-) TimerEvent: {}
[306.164521] (ros1_bridge) StdoutLine: {'line': b'[ 90%] Building CXX object CMakeFiles/ros1_bridge.dir/generated/turtlesim__srv__SetPen__factories.cpp.o\n'}
[306.228349] (-) TimerEvent: {}
[306.328591] (-) TimerEvent: {}
[306.428823] (-) TimerEvent: {}
[306.529048] (-) TimerEvent: {}
[306.629289] (-) TimerEvent: {}
[306.729533] (-) TimerEvent: {}
[306.829785] (-) TimerEvent: {}
[306.930028] (-) TimerEvent: {}
[307.030268] (-) TimerEvent: {}
[307.130509] (-) TimerEvent: {}
[307.230757] (-) TimerEvent: {}
[307.331011] (-) TimerEvent: {}
[307.431243] (-) TimerEvent: {}
[307.531483] (-) TimerEvent: {}
[307.631717] (-) TimerEvent: {}
[307.731954] (-) TimerEvent: {}
[307.832197] (-) TimerEvent: {}
[307.932443] (-) TimerEvent: {}
[308.032693] (-) TimerEvent: {}
[308.132954] (-) TimerEvent: {}
[308.233209] (-) TimerEvent: {}
[308.333457] (-) TimerEvent: {}
[308.433712] (-) TimerEvent: {}
[308.533962] (-) TimerEvent: {}
[308.634278] (-) TimerEvent: {}
[308.734532] (-) TimerEvent: {}
[308.834776] (-) TimerEvent: {}
[308.935100] (-) TimerEvent: {}
[309.035345] (-) TimerEvent: {}
[309.135588] (-) TimerEvent: {}
[309.235906] (-) TimerEvent: {}
[309.336228] (-) TimerEvent: {}
[309.436484] (-) TimerEvent: {}
[309.536719] (-) TimerEvent: {}
[309.622028] (ros1_bridge) StdoutLine: {'line': b'[ 90%] Building CXX object CMakeFiles/ros1_bridge.dir/generated/turtlesim__srv__Spawn__factories.cpp.o\n'}
[309.636841] (-) TimerEvent: {}
[309.737073] (-) TimerEvent: {}
[309.837314] (-) TimerEvent: {}
[309.937593] (-) TimerEvent: {}
[310.037831] (-) TimerEvent: {}
[310.138072] (-) TimerEvent: {}
[310.238341] (-) TimerEvent: {}
[310.338633] (-) TimerEvent: {}
[310.438913] (-) TimerEvent: {}
[310.539173] (-) TimerEvent: {}
[310.639435] (-) TimerEvent: {}
[310.739690] (-) TimerEvent: {}
[310.840196] (-) TimerEvent: {}
[310.940776] (-) TimerEvent: {}
[311.041028] (-) TimerEvent: {}
[311.141820] (-) TimerEvent: {}
[311.242075] (-) TimerEvent: {}
[311.342300] (-) TimerEvent: {}
[311.442536] (-) TimerEvent: {}
[311.542776] (-) TimerEvent: {}
[311.643013] (-) TimerEvent: {}
[311.743244] (-) TimerEvent: {}
[311.843486] (-) TimerEvent: {}
[311.943718] (-) TimerEvent: {}
[312.043948] (-) TimerEvent: {}
[312.049450] (ros1_bridge) StdoutLine: {'line': b'[ 90%] Building CXX object CMakeFiles/ros1_bridge.dir/generated/turtlesim__srv__TeleportAbsolute__factories.cpp.o\n'}
[312.144066] (-) TimerEvent: {}
[312.244306] (-) TimerEvent: {}
[312.342180] (ros1_bridge) StdoutLine: {'line': b'[ 91%] Building CXX object CMakeFiles/ros1_bridge.dir/generated/turtlesim__srv__TeleportRelative__factories.cpp.o\n'}
[312.344425] (-) TimerEvent: {}
[312.444638] (-) TimerEvent: {}
[312.544895] (-) TimerEvent: {}
[312.645184] (-) TimerEvent: {}
[312.745412] (-) TimerEvent: {}
[312.847303] (-) TimerEvent: {}
[312.947921] (-) TimerEvent: {}
[313.048143] (-) TimerEvent: {}
[313.148370] (-) TimerEvent: {}
[313.248602] (-) TimerEvent: {}
[313.348829] (-) TimerEvent: {}
[313.449062] (-) TimerEvent: {}
[313.549293] (-) TimerEvent: {}
[313.625683] (ros1_bridge) StdoutLine: {'line': b'[ 91%] Building CXX object CMakeFiles/ros1_bridge.dir/generated/unique_identifier_msgs_factories.cpp.o\n'}
[313.649474] (-) TimerEvent: {}
[313.749849] (-) TimerEvent: {}
[313.852336] (-) TimerEvent: {}
[313.952575] (-) TimerEvent: {}
[314.052828] (-) TimerEvent: {}
[314.064542] (ros1_bridge) StdoutLine: {'line': b'[ 91%] Building CXX object CMakeFiles/ros1_bridge.dir/generated/unique_identifier_msgs__msg__UUID__factories.cpp.o\n'}
[314.081636] (ros1_bridge) StdoutLine: {'line': b'[ 92%] Building CXX object CMakeFiles/ros1_bridge.dir/generated/visualization_msgs_factories.cpp.o\n'}
[314.152945] (-) TimerEvent: {}
[314.253178] (-) TimerEvent: {}
[314.353402] (-) TimerEvent: {}
[314.453631] (-) TimerEvent: {}
[314.553870] (-) TimerEvent: {}
[314.654111] (-) TimerEvent: {}
[314.754358] (-) TimerEvent: {}
[314.855354] (-) TimerEvent: {}
[314.955890] (-) TimerEvent: {}
[315.056192] (-) TimerEvent: {}
[315.156417] (-) TimerEvent: {}
[315.256638] (-) TimerEvent: {}
[315.356859] (-) TimerEvent: {}
[315.458878] (-) TimerEvent: {}
[315.559118] (-) TimerEvent: {}
[315.659444] (-) TimerEvent: {}
[315.759687] (-) TimerEvent: {}
[315.859923] (-) TimerEvent: {}
[315.960147] (-) TimerEvent: {}
[316.060378] (-) TimerEvent: {}
[316.160639] (-) TimerEvent: {}
[316.260887] (-) TimerEvent: {}
[316.361124] (-) TimerEvent: {}
[316.464286] (-) TimerEvent: {}
[316.564499] (-) TimerEvent: {}
[316.664711] (-) TimerEvent: {}
[316.764929] (-) TimerEvent: {}
[316.865146] (-) TimerEvent: {}
[316.965374] (-) TimerEvent: {}
[317.065606] (-) TimerEvent: {}
[317.165835] (-) TimerEvent: {}
[317.266062] (-) TimerEvent: {}
[317.366290] (-) TimerEvent: {}
[317.466925] (-) TimerEvent: {}
[317.567179] (-) TimerEvent: {}
[317.667420] (-) TimerEvent: {}
[317.767652] (-) TimerEvent: {}
[317.828108] (ros1_bridge) StdoutLine: {'line': b'[ 92%] Building CXX object CMakeFiles/ros1_bridge.dir/generated/visualization_msgs__msg__ImageMarker__factories.cpp.o\n'}
[317.867783] (-) TimerEvent: {}
[317.968022] (-) TimerEvent: {}
[318.068255] (-) TimerEvent: {}
[318.168500] (-) TimerEvent: {}
[318.268742] (-) TimerEvent: {}
[318.368980] (-) TimerEvent: {}
[318.469241] (-) TimerEvent: {}
[318.569471] (-) TimerEvent: {}
[318.669721] (-) TimerEvent: {}
[318.769946] (-) TimerEvent: {}
[318.870185] (-) TimerEvent: {}
[318.970623] (-) TimerEvent: {}
[319.015599] (ros1_bridge) StdoutLine: {'line': b'[ 92%] Building CXX object CMakeFiles/ros1_bridge.dir/generated/visualization_msgs__msg__InteractiveMarker__factories.cpp.o\n'}
[319.070745] (-) TimerEvent: {}
[319.170971] (-) TimerEvent: {}
[319.271222] (-) TimerEvent: {}
[319.371454] (-) TimerEvent: {}
[319.453736] (ros1_bridge) StdoutLine: {'line': b'[ 92%] Building CXX object CMakeFiles/ros1_bridge.dir/generated/visualization_msgs__msg__InteractiveMarkerControl__factories.cpp.o\n'}
[319.471575] (-) TimerEvent: {}
[319.571802] (-) TimerEvent: {}
[319.672027] (-) TimerEvent: {}
[319.772258] (-) TimerEvent: {}
[319.872580] (-) TimerEvent: {}
[319.972934] (-) TimerEvent: {}
[320.073172] (-) TimerEvent: {}
[320.173402] (-) TimerEvent: {}
[320.199167] (ros1_bridge) StdoutLine: {'line': b'[ 93%] Building CXX object CMakeFiles/ros1_bridge.dir/generated/visualization_msgs__msg__InteractiveMarkerFeedback__factories.cpp.o\n'}
[320.273523] (-) TimerEvent: {}
[320.373755] (-) TimerEvent: {}
[320.473980] (-) TimerEvent: {}
[320.574202] (-) TimerEvent: {}
[320.674445] (-) TimerEvent: {}
[320.774670] (-) TimerEvent: {}
[320.874891] (-) TimerEvent: {}
[320.975128] (-) TimerEvent: {}
[321.075360] (-) TimerEvent: {}
[321.175588] (-) TimerEvent: {}
[321.275813] (-) TimerEvent: {}
[321.376049] (-) TimerEvent: {}
[321.476287] (-) TimerEvent: {}
[321.576522] (-) TimerEvent: {}
[321.676761] (-) TimerEvent: {}
[321.776987] (-) TimerEvent: {}
[321.874624] (ros1_bridge) StdoutLine: {'line': b'[ 93%] Building CXX object CMakeFiles/ros1_bridge.dir/generated/visualization_msgs__msg__InteractiveMarkerInit__factories.cpp.o\n'}
[321.877086] (-) TimerEvent: {}
[321.977316] (-) TimerEvent: {}
[322.077557] (-) TimerEvent: {}
[322.177795] (-) TimerEvent: {}
[322.278032] (-) TimerEvent: {}
[322.378266] (-) TimerEvent: {}
[322.478505] (-) TimerEvent: {}
[322.578757] (-) TimerEvent: {}
[322.590990] (ros1_bridge) StdoutLine: {'line': b'[ 93%] Building CXX object CMakeFiles/ros1_bridge.dir/generated/visualization_msgs__msg__InteractiveMarkerPose__factories.cpp.o\n'}
[322.678880] (-) TimerEvent: {}
[322.779107] (-) TimerEvent: {}
[322.879353] (-) TimerEvent: {}
[322.979593] (-) TimerEvent: {}
[323.079835] (-) TimerEvent: {}
[323.180077] (-) TimerEvent: {}
[323.280312] (-) TimerEvent: {}
[323.381859] (-) TimerEvent: {}
[323.482097] (-) TimerEvent: {}
[323.512649] (ros1_bridge) StdoutLine: {'line': b'[ 94%] Building CXX object CMakeFiles/ros1_bridge.dir/generated/visualization_msgs__msg__InteractiveMarkerUpdate__factories.cpp.o\n'}
[323.582214] (-) TimerEvent: {}
[323.682444] (-) TimerEvent: {}
[323.799310] (-) TimerEvent: {}
[323.899554] (-) TimerEvent: {}
[323.999779] (-) TimerEvent: {}
[324.100004] (-) TimerEvent: {}
[324.200228] (-) TimerEvent: {}
[324.308042] (-) TimerEvent: {}
[324.347139] (ros1_bridge) StdoutLine: {'line': b'[ 94%] Building CXX object CMakeFiles/ros1_bridge.dir/generated/visualization_msgs__msg__Marker__factories.cpp.o\n'}
[324.408161] (-) TimerEvent: {}
[324.443694] (ros1_bridge) StdoutLine: {'line': b'[ 94%] Building CXX object CMakeFiles/ros1_bridge.dir/generated/visualization_msgs__msg__MarkerArray__factories.cpp.o\n'}
[324.508276] (-) TimerEvent: {}
[324.608495] (-) TimerEvent: {}
[324.705145] (ros1_bridge) StdoutLine: {'line': b'[ 94%] Building CXX object CMakeFiles/ros1_bridge.dir/generated/visualization_msgs__msg__MenuEntry__factories.cpp.o\n'}
[324.708619] (-) TimerEvent: {}
[324.808900] (-) TimerEvent: {}
[324.837965] (ros1_bridge) StdoutLine: {'line': b'[ 95%] Building CXX object CMakeFiles/ros1_bridge.dir/generated/visualization_msgs__msg__MeshFile__factories.cpp.o\n'}
[324.843748] (ros1_bridge) StdoutLine: {'line': b'[ 95%] Building CXX object CMakeFiles/ros1_bridge.dir/generated/visualization_msgs__msg__UVCoordinate__factories.cpp.o\n'}
[324.909015] (-) TimerEvent: {}
[325.009244] (-) TimerEvent: {}
[325.109695] (-) TimerEvent: {}
[325.121120] (ros1_bridge) StdoutLine: {'line': b'[ 95%] Building CXX object CMakeFiles/ros1_bridge.dir/generated/visualization_msgs__srv__GetInteractiveMarkers__factories.cpp.o\n'}
[325.209804] (-) TimerEvent: {}
[325.310040] (-) TimerEvent: {}
[325.410276] (-) TimerEvent: {}
[325.510500] (-) TimerEvent: {}
[325.610734] (-) TimerEvent: {}
[325.710951] (-) TimerEvent: {}
[325.811182] (-) TimerEvent: {}
[325.911465] (-) TimerEvent: {}
[326.019545] (-) TimerEvent: {}
[326.119834] (-) TimerEvent: {}
[326.220049] (-) TimerEvent: {}
[326.320252] (-) TimerEvent: {}
[326.420876] (-) TimerEvent: {}
[326.521095] (-) TimerEvent: {}
[326.621314] (-) TimerEvent: {}
[326.721548] (-) TimerEvent: {}
[326.821776] (-) TimerEvent: {}
[326.922017] (-) TimerEvent: {}
[327.022243] (-) TimerEvent: {}
[327.122464] (-) TimerEvent: {}
[327.222690] (-) TimerEvent: {}
[327.322919] (-) TimerEvent: {}
[327.423146] (-) TimerEvent: {}
[327.523370] (-) TimerEvent: {}
[327.623591] (-) TimerEvent: {}
[327.723821] (-) TimerEvent: {}
[327.824048] (-) TimerEvent: {}
[327.924275] (-) TimerEvent: {}
[328.024547] (-) TimerEvent: {}
[328.124794] (-) TimerEvent: {}
[328.225033] (-) TimerEvent: {}
[328.325269] (-) TimerEvent: {}
[328.425516] (-) TimerEvent: {}
[328.525750] (-) TimerEvent: {}
[328.626009] (-) TimerEvent: {}
[328.726255] (-) TimerEvent: {}
[328.826490] (-) TimerEvent: {}
[328.926736] (-) TimerEvent: {}
[329.026976] (-) TimerEvent: {}
[329.127242] (-) TimerEvent: {}
[329.227496] (-) TimerEvent: {}
[329.328022] (-) TimerEvent: {}
[329.428266] (-) TimerEvent: {}
[329.528514] (-) TimerEvent: {}
[329.633522] (-) TimerEvent: {}
[329.734842] (-) TimerEvent: {}
[329.835118] (-) TimerEvent: {}
[329.935398] (-) TimerEvent: {}
[330.035636] (-) TimerEvent: {}
[330.135906] (-) TimerEvent: {}
[330.236150] (-) TimerEvent: {}
[330.336547] (-) TimerEvent: {}
[330.436793] (-) TimerEvent: {}
[330.537045] (-) TimerEvent: {}
[330.637286] (-) TimerEvent: {}
[330.737528] (-) TimerEvent: {}
[330.837771] (-) TimerEvent: {}
[330.938016] (-) TimerEvent: {}
[331.038251] (-) TimerEvent: {}
[331.138494] (-) TimerEvent: {}
[331.238746] (-) TimerEvent: {}
[331.338988] (-) TimerEvent: {}
[331.439239] (-) TimerEvent: {}
[331.539487] (-) TimerEvent: {}
[331.639736] (-) TimerEvent: {}
[331.739981] (-) TimerEvent: {}
[331.840226] (-) TimerEvent: {}
[331.940474] (-) TimerEvent: {}
[332.040714] (-) TimerEvent: {}
[332.140950] (-) TimerEvent: {}
[332.241179] (-) TimerEvent: {}
[332.341413] (-) TimerEvent: {}
[332.441647] (-) TimerEvent: {}
[332.541886] (-) TimerEvent: {}
[332.642137] (-) TimerEvent: {}
[332.742382] (-) TimerEvent: {}
[332.844109] (-) TimerEvent: {}
[332.944341] (-) TimerEvent: {}
[333.044571] (-) TimerEvent: {}
[333.144803] (-) TimerEvent: {}
[333.245043] (-) TimerEvent: {}
[333.345273] (-) TimerEvent: {}
[333.445509] (-) TimerEvent: {}
[333.545790] (-) TimerEvent: {}
[333.646067] (-) TimerEvent: {}
[333.746301] (-) TimerEvent: {}
[333.846973] (-) TimerEvent: {}
[333.947193] (-) TimerEvent: {}
[334.047405] (-) TimerEvent: {}
[334.147624] (-) TimerEvent: {}
[334.247859] (-) TimerEvent: {}
[334.348104] (-) TimerEvent: {}
[334.448347] (-) TimerEvent: {}
[334.549165] (-) TimerEvent: {}
[334.649395] (-) TimerEvent: {}
[334.749615] (-) TimerEvent: {}
[334.849839] (-) TimerEvent: {}
[334.950056] (-) TimerEvent: {}
[335.050285] (-) TimerEvent: {}
[335.150520] (-) TimerEvent: {}
[335.250753] (-) TimerEvent: {}
[335.350978] (-) TimerEvent: {}
[335.451212] (-) TimerEvent: {}
[335.551449] (-) TimerEvent: {}
[335.651677] (-) TimerEvent: {}
[335.751901] (-) TimerEvent: {}
[335.852130] (-) TimerEvent: {}
[335.952366] (-) TimerEvent: {}
[336.052602] (-) TimerEvent: {}
[336.152811] (-) TimerEvent: {}
[336.253027] (-) TimerEvent: {}
[336.353246] (-) TimerEvent: {}
[336.453478] (-) TimerEvent: {}
[336.553702] (-) TimerEvent: {}
[336.653924] (-) TimerEvent: {}
[336.754143] (-) TimerEvent: {}
[336.854358] (-) TimerEvent: {}
[336.954578] (-) TimerEvent: {}
[337.054816] (-) TimerEvent: {}
[337.155057] (-) TimerEvent: {}
[337.255284] (-) TimerEvent: {}
[337.355507] (-) TimerEvent: {}
[337.455729] (-) TimerEvent: {}
[337.555953] (-) TimerEvent: {}
[337.656186] (-) TimerEvent: {}
[337.756412] (-) TimerEvent: {}
[337.856633] (-) TimerEvent: {}
[337.956852] (-) TimerEvent: {}
[338.057073] (-) TimerEvent: {}
[338.157293] (-) TimerEvent: {}
[338.257514] (-) TimerEvent: {}
[338.357732] (-) TimerEvent: {}
[338.457948] (-) TimerEvent: {}
[338.558171] (-) TimerEvent: {}
[338.658394] (-) TimerEvent: {}
[338.758611] (-) TimerEvent: {}
[338.858833] (-) TimerEvent: {}
[338.959072] (-) TimerEvent: {}
[339.059288] (-) TimerEvent: {}
[339.159974] (-) TimerEvent: {}
[339.260193] (-) TimerEvent: {}
[339.360409] (-) TimerEvent: {}
[339.460639] (-) TimerEvent: {}
[339.560859] (-) TimerEvent: {}
[339.661076] (-) TimerEvent: {}
[339.761301] (-) TimerEvent: {}
[339.861636] (-) TimerEvent: {}
[339.961856] (-) TimerEvent: {}
[340.062079] (-) TimerEvent: {}
[340.162306] (-) TimerEvent: {}
[340.262522] (-) TimerEvent: {}
[340.362745] (-) TimerEvent: {}
[340.462964] (-) TimerEvent: {}
[340.563198] (-) TimerEvent: {}
[340.663425] (-) TimerEvent: {}
[340.763627] (-) TimerEvent: {}
[340.863815] (-) TimerEvent: {}
[340.964022] (-) TimerEvent: {}
[341.064217] (-) TimerEvent: {}
[341.164413] (-) TimerEvent: {}
[341.264626] (-) TimerEvent: {}
[341.364810] (-) TimerEvent: {}
[341.464993] (-) TimerEvent: {}
[341.565183] (-) TimerEvent: {}
[341.665378] (-) TimerEvent: {}
[341.765566] (-) TimerEvent: {}
[341.865770] (-) TimerEvent: {}
[341.965985] (-) TimerEvent: {}
[342.066199] (-) TimerEvent: {}
[342.166407] (-) TimerEvent: {}
[342.266603] (-) TimerEvent: {}
[342.366792] (-) TimerEvent: {}
[342.467001] (-) TimerEvent: {}
[342.567224] (-) TimerEvent: {}
[342.606419] (ros1_bridge) StdoutLine: {'line': b'[ 96%] Linking CXX shared library libros1_bridge.so\n'}
[342.667316] (-) TimerEvent: {}
[342.767517] (-) TimerEvent: {}
[342.867714] (-) TimerEvent: {}
[342.967891] (-) TimerEvent: {}
[343.068098] (-) TimerEvent: {}
[343.168301] (-) TimerEvent: {}
[343.268497] (-) TimerEvent: {}
[343.368711] (-) TimerEvent: {}
[343.468906] (-) TimerEvent: {}
[343.569110] (-) TimerEvent: {}
[343.669338] (-) TimerEvent: {}
[343.769573] (-) TimerEvent: {}
[343.869789] (-) TimerEvent: {}
[343.970021] (-) TimerEvent: {}
[344.070245] (-) TimerEvent: {}
[344.170442] (-) TimerEvent: {}
[344.270649] (-) TimerEvent: {}
[344.370870] (-) TimerEvent: {}
[344.471126] (-) TimerEvent: {}
[344.571404] (-) TimerEvent: {}
[344.671632] (-) TimerEvent: {}
[344.771841] (-) TimerEvent: {}
[344.872080] (-) TimerEvent: {}
[344.972310] (-) TimerEvent: {}
[345.072573] (-) TimerEvent: {}
[345.172788] (-) TimerEvent: {}
[345.273017] (-) TimerEvent: {}
[345.373246] (-) TimerEvent: {}
[345.473476] (-) TimerEvent: {}
[345.573707] (-) TimerEvent: {}
[345.673885] (-) TimerEvent: {}
[345.774081] (-) TimerEvent: {}
[345.874311] (-) TimerEvent: {}
[345.974540] (-) TimerEvent: {}
[346.074778] (-) TimerEvent: {}
[346.175018] (-) TimerEvent: {}
[346.275224] (-) TimerEvent: {}
[346.375427] (-) TimerEvent: {}
[346.475618] (-) TimerEvent: {}
[346.575811] (-) TimerEvent: {}
[346.676009] (-) TimerEvent: {}
[346.776203] (-) TimerEvent: {}
[346.876401] (-) TimerEvent: {}
[346.976603] (-) TimerEvent: {}
[347.076795] (-) TimerEvent: {}
[347.176982] (-) TimerEvent: {}
[347.277205] (-) TimerEvent: {}
[347.377455] (-) TimerEvent: {}
[347.477665] (-) TimerEvent: {}
[347.577906] (-) TimerEvent: {}
[347.678178] (-) TimerEvent: {}
[347.778427] (-) TimerEvent: {}
[347.878658] (-) TimerEvent: {}
[347.978843] (-) TimerEvent: {}
[348.079069] (-) TimerEvent: {}
[348.179292] (-) TimerEvent: {}
[348.279503] (-) TimerEvent: {}
[348.379708] (-) TimerEvent: {}
[348.479892] (-) TimerEvent: {}
[348.580075] (-) TimerEvent: {}
[348.680270] (-) TimerEvent: {}
[348.780449] (-) TimerEvent: {}
[348.880658] (-) TimerEvent: {}
[348.980993] (-) TimerEvent: {}
[349.081279] (-) TimerEvent: {}
[349.181518] (-) TimerEvent: {}
[349.281740] (-) TimerEvent: {}
[349.381961] (-) TimerEvent: {}
[349.482218] (-) TimerEvent: {}
[349.582451] (-) TimerEvent: {}
[349.682700] (-) TimerEvent: {}
[349.782974] (-) TimerEvent: {}
[349.883276] (-) TimerEvent: {}
[349.983490] (-) TimerEvent: {}
[350.083694] (-) TimerEvent: {}
[350.183878] (-) TimerEvent: {}
[350.284100] (-) TimerEvent: {}
[350.384339] (-) TimerEvent: {}
[350.484533] (-) TimerEvent: {}
[350.584760] (-) TimerEvent: {}
[350.684982] (-) TimerEvent: {}
[350.785176] (-) TimerEvent: {}
[350.885374] (-) TimerEvent: {}
[350.985600] (-) TimerEvent: {}
[351.085832] (-) TimerEvent: {}
[351.186021] (-) TimerEvent: {}
[351.286226] (-) TimerEvent: {}
[351.386424] (-) TimerEvent: {}
[351.486617] (-) TimerEvent: {}
[351.586811] (-) TimerEvent: {}
[351.687010] (-) TimerEvent: {}
[351.787210] (-) TimerEvent: {}
[351.887415] (-) TimerEvent: {}
[351.987626] (-) TimerEvent: {}
[352.087812] (-) TimerEvent: {}
[352.161854] (ros1_bridge) StdoutLine: {'line': b'[ 96%] Built target ros1_bridge\n'}
[352.185707] (ros1_bridge) StdoutLine: {'line': b'[ 96%] Building CXX object CMakeFiles/test_convert_generic.dir/test/test_convert_generic.cpp.o\n'}
[352.185908] (ros1_bridge) StdoutLine: {'line': b'[ 96%] Building CXX object CMakeFiles/test_ros2_to_ros1_serialization.dir/test/test_ros2_to_ros1_serialization.cpp.o\n'}
[352.186060] (ros1_bridge) StdoutLine: {'line': b'[ 96%] Building CXX object CMakeFiles/dynamic_bridge.dir/src/dynamic_bridge.cpp.o\n'}
[352.186604] (ros1_bridge) StdoutLine: {'line': b'[ 96%] Building CXX object CMakeFiles/parameter_bridge.dir/src/parameter_bridge.cpp.o\n'}
[352.186692] (ros1_bridge) StdoutLine: {'line': b'[ 96%] Building CXX object CMakeFiles/action_bridge.dir/src/action_bridge.cpp.o\n'}
[352.187883] (-) TimerEvent: {}
[352.188275] (ros1_bridge) StdoutLine: {'line': b'[ 97%] Building CXX object CMakeFiles/static_bridge.dir/src/static_bridge.cpp.o\n'}
[352.288001] (-) TimerEvent: {}
[352.388215] (-) TimerEvent: {}
[352.488926] (-) TimerEvent: {}
[352.589132] (-) TimerEvent: {}
[352.689319] (-) TimerEvent: {}
[352.789511] (-) TimerEvent: {}
[352.889701] (-) TimerEvent: {}
[352.989890] (-) TimerEvent: {}
[353.090085] (-) TimerEvent: {}
[353.190279] (-) TimerEvent: {}
[353.290493] (-) TimerEvent: {}
[353.390695] (-) TimerEvent: {}
[353.490911] (-) TimerEvent: {}
[353.591140] (-) TimerEvent: {}
[353.691336] (-) TimerEvent: {}
[353.791536] (-) TimerEvent: {}
[353.891747] (-) TimerEvent: {}
[353.991969] (-) TimerEvent: {}
[354.092171] (-) TimerEvent: {}
[354.192386] (-) TimerEvent: {}
[354.292613] (-) TimerEvent: {}
[354.392844] (-) TimerEvent: {}
[354.493069] (-) TimerEvent: {}
[354.593267] (-) TimerEvent: {}
[354.693481] (-) TimerEvent: {}
[354.793690] (-) TimerEvent: {}
[354.893909] (-) TimerEvent: {}
[354.994114] (-) TimerEvent: {}
[355.094317] (-) TimerEvent: {}
[355.194534] (-) TimerEvent: {}
[355.294769] (-) TimerEvent: {}
[355.395005] (-) TimerEvent: {}
[355.495228] (-) TimerEvent: {}
[355.595441] (-) TimerEvent: {}
[355.695667] (-) TimerEvent: {}
[355.795872] (-) TimerEvent: {}
[355.896075] (-) TimerEvent: {}
[355.996273] (-) TimerEvent: {}
[356.096474] (-) TimerEvent: {}
[356.196691] (-) TimerEvent: {}
[356.296902] (-) TimerEvent: {}
[356.397116] (-) TimerEvent: {}
[356.497315] (-) TimerEvent: {}
[356.593770] (ros1_bridge) StdoutLine: {'line': b'[ 97%] Linking CXX executable static_bridge\n'}
[356.597396] (-) TimerEvent: {}
[356.697593] (-) TimerEvent: {}
[356.745644] (ros1_bridge) StdoutLine: {'line': b'[ 97%] Linking CXX executable action_bridge\n'}
[356.797716] (-) TimerEvent: {}
[356.897983] (-) TimerEvent: {}
[356.998272] (-) TimerEvent: {}
[357.098599] (-) TimerEvent: {}
[357.198901] (-) TimerEvent: {}
[357.299182] (-) TimerEvent: {}
[357.328332] (ros1_bridge) StdoutLine: {'line': b'[ 97%] Linking CXX executable parameter_bridge\n'}
[357.399346] (-) TimerEvent: {}
[357.499740] (-) TimerEvent: {}
[357.600181] (-) TimerEvent: {}
[357.700631] (-) TimerEvent: {}
[357.801093] (-) TimerEvent: {}
[357.901539] (-) TimerEvent: {}
[358.001987] (-) TimerEvent: {}
[358.102399] (-) TimerEvent: {}
[358.202770] (-) TimerEvent: {}
[358.303142] (-) TimerEvent: {}
[358.403520] (-) TimerEvent: {}
[358.504004] (-) TimerEvent: {}
[358.604386] (-) TimerEvent: {}
[358.704722] (-) TimerEvent: {}
[358.805122] (-) TimerEvent: {}
[358.905571] (-) TimerEvent: {}
[359.006061] (-) TimerEvent: {}
[359.106418] (-) TimerEvent: {}
[359.206722] (-) TimerEvent: {}
[359.307089] (-) TimerEvent: {}
[359.407452] (-) TimerEvent: {}
[359.507777] (-) TimerEvent: {}
[359.608168] (-) TimerEvent: {}
[359.708561] (-) TimerEvent: {}
[359.808980] (-) TimerEvent: {}
[359.909285] (-) TimerEvent: {}
[360.009577] (-) TimerEvent: {}
[360.109976] (-) TimerEvent: {}
[360.210363] (-) TimerEvent: {}
[360.310759] (-) TimerEvent: {}
[360.411123] (-) TimerEvent: {}
[360.511550] (-) TimerEvent: {}
[360.611941] (-) TimerEvent: {}
[360.712251] (-) TimerEvent: {}
[360.812632] (-) TimerEvent: {}
[360.912965] (-) TimerEvent: {}
[361.013296] (-) TimerEvent: {}
[361.113704] (-) TimerEvent: {}
[361.214083] (-) TimerEvent: {}
[361.314495] (-) TimerEvent: {}
[361.414857] (-) TimerEvent: {}
[361.515116] (-) TimerEvent: {}
[361.615438] (-) TimerEvent: {}
[361.715752] (-) TimerEvent: {}
[361.816124] (-) TimerEvent: {}
[361.916523] (-) TimerEvent: {}
[362.016931] (-) TimerEvent: {}
[362.117300] (-) TimerEvent: {}
[362.124142] (ros1_bridge) StdoutLine: {'line': b'[ 98%] Linking CXX executable dynamic_bridge\n'}
[362.217431] (-) TimerEvent: {}
[362.317750] (-) TimerEvent: {}
[362.418170] (-) TimerEvent: {}
[362.518557] (-) TimerEvent: {}
[362.619043] (-) TimerEvent: {}
[362.719535] (-) TimerEvent: {}
[362.820027] (-) TimerEvent: {}
[362.920457] (-) TimerEvent: {}
[363.020821] (-) TimerEvent: {}
[363.121261] (-) TimerEvent: {}
[363.221741] (-) TimerEvent: {}
[363.322196] (-) TimerEvent: {}
[363.422606] (-) TimerEvent: {}
[363.523014] (-) TimerEvent: {}
[363.623437] (-) TimerEvent: {}
[363.723835] (-) TimerEvent: {}
[363.824255] (-) TimerEvent: {}
[363.924634] (-) TimerEvent: {}
[364.024936] (-) TimerEvent: {}
[364.125200] (-) TimerEvent: {}
[364.225478] (-) TimerEvent: {}
[364.291720] (ros1_bridge) StdoutLine: {'line': b'[ 98%] Built target static_bridge\n'}
[364.325617] (-) TimerEvent: {}
[364.420674] (ros1_bridge) StdoutLine: {'line': b'[ 98%] Built target action_bridge\n'}
[364.425741] (-) TimerEvent: {}
[364.526038] (-) TimerEvent: {}
[364.626271] (-) TimerEvent: {}
[364.726539] (-) TimerEvent: {}
[364.826840] (-) TimerEvent: {}
[364.902982] (ros1_bridge) StdoutLine: {'line': b'[ 98%] Built target parameter_bridge\n'}
[364.926945] (-) TimerEvent: {}
[365.027191] (-) TimerEvent: {}
[365.127388] (-) TimerEvent: {}
[365.227633] (-) TimerEvent: {}
[365.327840] (-) TimerEvent: {}
[365.428082] (-) TimerEvent: {}
[365.528308] (-) TimerEvent: {}
[365.628540] (-) TimerEvent: {}
[365.728743] (-) TimerEvent: {}
[365.828981] (-) TimerEvent: {}
[365.929235] (-) TimerEvent: {}
[366.029518] (-) TimerEvent: {}
[366.129739] (-) TimerEvent: {}
[366.229956] (-) TimerEvent: {}
[366.330187] (-) TimerEvent: {}
[366.430429] (-) TimerEvent: {}
[366.530640] (-) TimerEvent: {}
[366.630847] (-) TimerEvent: {}
[366.731055] (-) TimerEvent: {}
[366.831271] (-) TimerEvent: {}
[366.834418] (ros1_bridge) StdoutLine: {'line': b'[ 98%] Built target dynamic_bridge\n'}
[366.931370] (-) TimerEvent: {}
[367.031594] (-) TimerEvent: {}
[367.131818] (-) TimerEvent: {}
[367.232010] (-) TimerEvent: {}
[367.332195] (-) TimerEvent: {}
[367.432449] (-) TimerEvent: {}
[367.532611] (-) TimerEvent: {}
[367.632810] (-) TimerEvent: {}
[367.732999] (-) TimerEvent: {}
[367.833189] (-) TimerEvent: {}
[367.933410] (-) TimerEvent: {}
[368.033638] (-) TimerEvent: {}
[368.133834] (-) TimerEvent: {}
[368.234014] (-) TimerEvent: {}
[368.334193] (-) TimerEvent: {}
[368.434368] (-) TimerEvent: {}
[368.534552] (-) TimerEvent: {}
[368.634751] (-) TimerEvent: {}
[368.734960] (-) TimerEvent: {}
[368.835150] (-) TimerEvent: {}
[368.935377] (-) TimerEvent: {}
[369.035603] (-) TimerEvent: {}
[369.135808] (-) TimerEvent: {}
[369.236014] (-) TimerEvent: {}
[369.336228] (-) TimerEvent: {}
[369.436456] (-) TimerEvent: {}
[369.536682] (-) TimerEvent: {}
[369.636876] (-) TimerEvent: {}
[369.737062] (-) TimerEvent: {}
[369.837273] (-) TimerEvent: {}
[369.937444] (-) TimerEvent: {}
[370.037636] (-) TimerEvent: {}
[370.137827] (-) TimerEvent: {}
[370.238032] (-) TimerEvent: {}
[370.338272] (-) TimerEvent: {}
[370.438496] (-) TimerEvent: {}
[370.538735] (-) TimerEvent: {}
[370.638942] (-) TimerEvent: {}
[370.739123] (-) TimerEvent: {}
[370.839325] (-) TimerEvent: {}
[370.939520] (-) TimerEvent: {}
[371.039703] (-) TimerEvent: {}
[371.139909] (-) TimerEvent: {}
[371.240109] (-) TimerEvent: {}
[371.340295] (-) TimerEvent: {}
[371.440501] (-) TimerEvent: {}
[371.540702] (-) TimerEvent: {}
[371.640903] (-) TimerEvent: {}
[371.741100] (-) TimerEvent: {}
[371.841306] (-) TimerEvent: {}
[371.941527] (-) TimerEvent: {}
[372.041753] (-) TimerEvent: {}
[372.141967] (-) TimerEvent: {}
[372.242187] (-) TimerEvent: {}
[372.342447] (-) TimerEvent: {}
[372.442695] (-) TimerEvent: {}
[372.542924] (-) TimerEvent: {}
[372.643214] (-) TimerEvent: {}
[372.743480] (-) TimerEvent: {}
[372.843703] (-) TimerEvent: {}
[372.943915] (-) TimerEvent: {}
[373.044129] (-) TimerEvent: {}
[373.144350] (-) TimerEvent: {}
[373.244581] (-) TimerEvent: {}
[373.344776] (-) TimerEvent: {}
[373.444974] (-) TimerEvent: {}
[373.545176] (-) TimerEvent: {}
[373.645402] (-) TimerEvent: {}
[373.745632] (-) TimerEvent: {}
[373.845860] (-) TimerEvent: {}
[373.946139] (-) TimerEvent: {}
[374.046365] (-) TimerEvent: {}
[374.146544] (-) TimerEvent: {}
[374.246745] (-) TimerEvent: {}
[374.346942] (-) TimerEvent: {}
[374.447128] (-) TimerEvent: {}
[374.547341] (-) TimerEvent: {}
[374.647518] (-) TimerEvent: {}
[374.747712] (-) TimerEvent: {}
[374.847901] (-) TimerEvent: {}
[374.948080] (-) TimerEvent: {}
[375.048264] (-) TimerEvent: {}
[375.148459] (-) TimerEvent: {}
[375.248675] (-) TimerEvent: {}
[375.348875] (-) TimerEvent: {}
[375.449062] (-) TimerEvent: {}
[375.549236] (-) TimerEvent: {}
[375.649439] (-) TimerEvent: {}
[375.749653] (-) TimerEvent: {}
[375.849837] (-) TimerEvent: {}
[375.950032] (-) TimerEvent: {}
[376.050231] (-) TimerEvent: {}
[376.150437] (-) TimerEvent: {}
[376.250632] (-) TimerEvent: {}
[376.350841] (-) TimerEvent: {}
[376.451044] (-) TimerEvent: {}
[376.551233] (-) TimerEvent: {}
[376.651437] (-) TimerEvent: {}
[376.751650] (-) TimerEvent: {}
[376.851847] (-) TimerEvent: {}
[376.952052] (-) TimerEvent: {}
[377.052236] (-) TimerEvent: {}
[377.152437] (-) TimerEvent: {}
[377.252633] (-) TimerEvent: {}
[377.352828] (-) TimerEvent: {}
[377.453006] (-) TimerEvent: {}
[377.553203] (-) TimerEvent: {}
[377.653394] (-) TimerEvent: {}
[377.753582] (-) TimerEvent: {}
[377.853770] (-) TimerEvent: {}
[377.953994] (-) TimerEvent: {}
[378.054199] (-) TimerEvent: {}
[378.154380] (-) TimerEvent: {}
[378.254570] (-) TimerEvent: {}
[378.354773] (-) TimerEvent: {}
[378.455115] (-) TimerEvent: {}
[378.555369] (-) TimerEvent: {}
[378.655576] (-) TimerEvent: {}
[378.755812] (-) TimerEvent: {}
[378.856016] (-) TimerEvent: {}
[378.956221] (-) TimerEvent: {}
[379.056409] (-) TimerEvent: {}
[379.156598] (-) TimerEvent: {}
[379.256785] (-) TimerEvent: {}
[379.356985] (-) TimerEvent: {}
[379.457230] (-) TimerEvent: {}
[379.557457] (-) TimerEvent: {}
[379.657633] (-) TimerEvent: {}
[379.757801] (-) TimerEvent: {}
[379.857993] (-) TimerEvent: {}
[379.958180] (-) TimerEvent: {}
[380.058378] (-) TimerEvent: {}
[380.158570] (-) TimerEvent: {}
[380.258750] (-) TimerEvent: {}
[380.358931] (-) TimerEvent: {}
[380.459118] (-) TimerEvent: {}
[380.559303] (-) TimerEvent: {}
[380.659497] (-) TimerEvent: {}
[380.759682] (-) TimerEvent: {}
[380.859873] (-) TimerEvent: {}
[380.960073] (-) TimerEvent: {}
[381.060264] (-) TimerEvent: {}
[381.160447] (-) TimerEvent: {}
[381.260649] (-) TimerEvent: {}
[381.360867] (-) TimerEvent: {}
[381.461069] (-) TimerEvent: {}
[381.561293] (-) TimerEvent: {}
[381.661485] (-) TimerEvent: {}
[381.761688] (-) TimerEvent: {}
[381.861919] (-) TimerEvent: {}
[381.962151] (-) TimerEvent: {}
[382.062357] (-) TimerEvent: {}
[382.162575] (-) TimerEvent: {}
[382.262773] (-) TimerEvent: {}
[382.362977] (-) TimerEvent: {}
[382.463234] (-) TimerEvent: {}
[382.563483] (-) TimerEvent: {}
[382.663714] (-) TimerEvent: {}
[382.763927] (-) TimerEvent: {}
[382.864223] (-) TimerEvent: {}
[382.964422] (-) TimerEvent: {}
[383.064610] (-) TimerEvent: {}
[383.164804] (-) TimerEvent: {}
[383.264995] (-) TimerEvent: {}
[383.365184] (-) TimerEvent: {}
[383.465413] (-) TimerEvent: {}
[383.565673] (-) TimerEvent: {}
[383.665989] (-) TimerEvent: {}
[383.766265] (-) TimerEvent: {}
[383.866469] (-) TimerEvent: {}
[383.966677] (-) TimerEvent: {}
[384.066868] (-) TimerEvent: {}
[384.167063] (-) TimerEvent: {}
[384.267247] (-) TimerEvent: {}
[384.367443] (-) TimerEvent: {}
[384.467651] (-) TimerEvent: {}
[384.567854] (-) TimerEvent: {}
[384.668140] (-) TimerEvent: {}
[384.768355] (-) TimerEvent: {}
[384.868551] (-) TimerEvent: {}
[384.968731] (-) TimerEvent: {}
[385.068919] (-) TimerEvent: {}
[385.169129] (-) TimerEvent: {}
[385.269316] (-) TimerEvent: {}
[385.369514] (-) TimerEvent: {}
[385.469715] (-) TimerEvent: {}
[385.569921] (-) TimerEvent: {}
[385.670137] (-) TimerEvent: {}
[385.770336] (-) TimerEvent: {}
[385.870535] (-) TimerEvent: {}
[385.970743] (-) TimerEvent: {}
[386.070938] (-) TimerEvent: {}
[386.171126] (-) TimerEvent: {}
[386.271308] (-) TimerEvent: {}
[386.371503] (-) TimerEvent: {}
[386.471717] (-) TimerEvent: {}
[386.571907] (-) TimerEvent: {}
[386.672107] (-) TimerEvent: {}
[386.772345] (-) TimerEvent: {}
[386.872559] (-) TimerEvent: {}
[386.972763] (-) TimerEvent: {}
[387.072975] (-) TimerEvent: {}
[387.173155] (-) TimerEvent: {}
[387.273382] (-) TimerEvent: {}
[387.373604] (-) TimerEvent: {}
[387.473798] (-) TimerEvent: {}
[387.574012] (-) TimerEvent: {}
[387.674219] (-) TimerEvent: {}
[387.774436] (-) TimerEvent: {}
[387.874653] (-) TimerEvent: {}
[387.909448] (ros1_bridge) StdoutLine: {'line': b'[ 99%] Linking CXX executable test_convert_generic\n'}
[387.974766] (-) TimerEvent: {}
[388.074966] (-) TimerEvent: {}
[388.175199] (-) TimerEvent: {}
[388.275440] (-) TimerEvent: {}
[388.375685] (-) TimerEvent: {}
[388.475892] (-) TimerEvent: {}
[388.576096] (-) TimerEvent: {}
[388.676316] (-) TimerEvent: {}
[388.776523] (-) TimerEvent: {}
[388.876755] (-) TimerEvent: {}
[388.976993] (-) TimerEvent: {}
[389.077246] (-) TimerEvent: {}
[389.177520] (-) TimerEvent: {}
[389.277724] (-) TimerEvent: {}
[389.377948] (-) TimerEvent: {}
[389.478197] (-) TimerEvent: {}
[389.578464] (-) TimerEvent: {}
[389.678704] (-) TimerEvent: {}
[389.778936] (-) TimerEvent: {}
[389.879183] (-) TimerEvent: {}
[389.979439] (-) TimerEvent: {}
[390.079675] (-) TimerEvent: {}
[390.179901] (-) TimerEvent: {}
[390.280120] (-) TimerEvent: {}
[390.380352] (-) TimerEvent: {}
[390.480594] (-) TimerEvent: {}
[390.536007] (ros1_bridge) StdoutLine: {'line': b'[100%] Linking CXX executable test_ros2_to_ros1_serialization\n'}
[390.580716] (-) TimerEvent: {}
[390.680947] (-) TimerEvent: {}
[390.781211] (-) TimerEvent: {}
[390.881483] (-) TimerEvent: {}
[390.981680] (-) TimerEvent: {}
[391.081920] (-) TimerEvent: {}
[391.182155] (-) TimerEvent: {}
[391.209731] (ros1_bridge) StdoutLine: {'line': b'[100%] Built target test_convert_generic\n'}
[391.282266] (-) TimerEvent: {}
[391.382584] (-) TimerEvent: {}
[391.482871] (-) TimerEvent: {}
[391.583114] (-) TimerEvent: {}
[391.683416] (-) TimerEvent: {}
[391.783738] (-) TimerEvent: {}
[391.883963] (-) TimerEvent: {}
[391.984200] (-) TimerEvent: {}
[392.084444] (-) TimerEvent: {}
[392.184730] (-) TimerEvent: {}
[392.284969] (-) TimerEvent: {}
[392.385180] (-) TimerEvent: {}
[392.485367] (-) TimerEvent: {}
[392.585563] (-) TimerEvent: {}
[392.685790] (-) TimerEvent: {}
[392.786028] (-) TimerEvent: {}
[392.886237] (-) TimerEvent: {}
[392.986415] (-) TimerEvent: {}
[393.086603] (-) TimerEvent: {}
[393.186825] (-) TimerEvent: {}
[393.287061] (-) TimerEvent: {}
[393.387252] (-) TimerEvent: {}
[393.487462] (-) TimerEvent: {}
[393.587662] (-) TimerEvent: {}
[393.606077] (ros1_bridge) StdoutLine: {'line': b'[100%] Built target test_ros2_to_ros1_serialization\n'}
[393.670610] (ros1_bridge) CommandEnded: {'returncode': 0}
[393.694320] (-) TimerEvent: {}
[393.700137] (ros1_bridge) JobProgress: {'identifier': 'ros1_bridge', 'progress': 'install'}
[393.722490] (ros1_bridge) Command: {'cmd': ['/usr/bin/cmake', '--install', '/ros-humble-ros1-bridge/build/ros1_bridge'], 'cwd': '/ros-humble-ros1-bridge/build/ros1_bridge', 'env': OrderedDict([('ADD_ros_tutorials', '1'), ('ROS_PACKAGE_PATH', '/control_msgs_ros1/install/control_msgs/share:/ros_tutorials/install/ros_tutorials/share:/ros_tutorials/install/turtlesim/share:/ros_tutorials/install/rospy_tutorials/share:/ros_tutorials/install/roscpp_tutorials/share'), ('SHLVL', '1'), ('LD_LIBRARY_PATH', '/control_msgs_ros2/install/control_msgs/lib:/opt/ros/humble/opt/rviz_ogre_vendor/lib:/opt/ros/humble/lib/x86_64-linux-gnu:/opt/ros/humble/lib'), ('HOME', '/root'), ('OLDPWD', '/ros-humble-ros1-bridge/src/ros1_bridge'), ('ROS_PYTHON_VERSION', '3'), ('MAKEFLAGS', '-j 16'), ('COLCON_PREFIX_PATH', '/custom_action/install:/control_msgs_ros2/install:/control_msgs_ros1/install:/common_tutorials/install:/ros_tutorials/install'), ('ROS_DISTRO', 'humble'), ('ADD_octomap_msgs', '0'), ('_', '/usr/bin/colcon'), ('ROS_VERSION', '2'), ('PKG_CONFIG_PATH', '/control_msgs_ros1/install/control_msgs/lib/x86_64-linux-gnu/pkgconfig:/control_msgs_ros1/install/control_msgs/lib/pkgconfig:/ros_tutorials/install/ros_tutorials/lib/x86_64-linux-gnu/pkgconfig:/ros_tutorials/install/ros_tutorials/lib/pkgconfig:/ros_tutorials/install/turtlesim/lib/x86_64-linux-gnu/pkgconfig:/ros_tutorials/install/turtlesim/lib/pkgconfig:/ros_tutorials/install/rospy_tutorials/lib/x86_64-linux-gnu/pkgconfig:/ros_tutorials/install/rospy_tutorials/lib/pkgconfig:/ros_tutorials/install/roscpp_tutorials/lib/x86_64-linux-gnu/pkgconfig:/ros_tutorials/install/roscpp_tutorials/lib/pkgconfig'), ('ROS_LOCALHOST_ONLY', '0'), ('PATH', '/opt/ros/humble/bin:/usr/local/sbin:/usr/local/bin:/usr/sbin:/usr/bin:/sbin:/bin'), ('LANG', 'C.UTF-8'), ('AMENT_PREFIX_PATH', '/custom_action/install/bridge_mapping:/control_msgs_ros2/install/control_msgs:/opt/ros/humble'), ('ADD_grid_map', '0'), ('ADD_example_custom_msgs', '0'), ('ADD_custom_action_mapping', '1'), ('PWD', '/ros-humble-ros1-bridge/build/ros1_bridge'), ('LC_ALL', 'C.UTF-8'), ('PYTHONPATH', '/control_msgs_ros2/install/control_msgs/local/lib/python3.10/dist-packages:/control_msgs_ros1/install/control_msgs/lib/python3/dist-packages:/ros_tutorials/install/turtlesim/lib/python3/dist-packages:/ros_tutorials/install/rospy_tutorials/lib/python3/dist-packages:/ros_tutorials/install/roscpp_tutorials/lib/python3/dist-packages:/opt/ros/humble/lib/python3.10/site-packages:/opt/ros/humble/local/lib/python3.10/dist-packages'), ('COLCON', '1'), ('CMAKE_PREFIX_PATH', '/custom_action/install/bridge_mapping:/control_msgs_ros2/install/control_msgs:/opt/ros/humble:/control_msgs_ros1/install/control_msgs:/ros_tutorials/install/turtlesim:/ros_tutorials/install/rospy_tutorials:/ros_tutorials/install/roscpp_tutorials')]), 'shell': False}
[393.728578] (ros1_bridge) StdoutLine: {'line': b'-- Install configuration: "Release"\n'}
[393.728851] (ros1_bridge) StdoutLine: {'line': b'-- Installing: /ros-humble-ros1-bridge/install/ros1_bridge/share/ros1_bridge/environment/library_path.sh\n'}
[393.729127] (ros1_bridge) StdoutLine: {'line': b'-- Installing: /ros-humble-ros1-bridge/install/ros1_bridge/share/ros1_bridge/environment/library_path.dsv\n'}
[393.729532] (ros1_bridge) StdoutLine: {'line': b'-- Installing: /ros-humble-ros1-bridge/install/ros1_bridge/share/ros1_bridge/environment/pythonpath.sh\n'}
[393.729759] (ros1_bridge) StdoutLine: {'line': b'-- Installing: /ros-humble-ros1-bridge/install/ros1_bridge/share/ros1_bridge/environment/pythonpath.dsv\n'}
[393.730031] (ros1_bridge) StdoutLine: {'line': b'-- Installing: /ros-humble-ros1-bridge/install/ros1_bridge/local/lib/python3.10/dist-packages/ros1_bridge-0.10.3-py3.10.egg-info\n'}
[393.730208] (ros1_bridge) StdoutLine: {'line': b'-- Installing: /ros-humble-ros1-bridge/install/ros1_bridge/local/lib/python3.10/dist-packages/ros1_bridge-0.10.3-py3.10.egg-info/SOURCES.txt\n'}
[393.730567] (ros1_bridge) StdoutLine: {'line': b'-- Installing: /ros-humble-ros1-bridge/install/ros1_bridge/local/lib/python3.10/dist-packages/ros1_bridge-0.10.3-py3.10.egg-info/top_level.txt\n'}
[393.730937] (ros1_bridge) StdoutLine: {'line': b'-- Installing: /ros-humble-ros1-bridge/install/ros1_bridge/local/lib/python3.10/dist-packages/ros1_bridge-0.10.3-py3.10.egg-info/dependency_links.txt\n'}
[393.731313] (ros1_bridge) StdoutLine: {'line': b'-- Installing: /ros-humble-ros1-bridge/install/ros1_bridge/local/lib/python3.10/dist-packages/ros1_bridge-0.10.3-py3.10.egg-info/PKG-INFO\n'}
[393.731654] (ros1_bridge) StdoutLine: {'line': b'-- Installing: /ros-humble-ros1-bridge/install/ros1_bridge/local/lib/python3.10/dist-packages/ros1_bridge\n'}
[393.731864] (ros1_bridge) StdoutLine: {'line': b'-- Installing: /ros-humble-ros1-bridge/install/ros1_bridge/local/lib/python3.10/dist-packages/ros1_bridge/__init__.py\n'}
[393.770214] (ros1_bridge) StdoutLine: {'line': b"Listing '/ros-humble-ros1-bridge/install/ros1_bridge/local/lib/python3.10/dist-packages/ros1_bridge'...\n"}
[393.770357] (ros1_bridge) StdoutLine: {'line': b"Compiling '/ros-humble-ros1-bridge/install/ros1_bridge/local/lib/python3.10/dist-packages/ros1_bridge/__init__.py'...\n"}
[393.773821] (ros1_bridge) StdoutLine: {'line': b'-- Installing: /ros-humble-ros1-bridge/install/ros1_bridge/share/ament_index/resource_index/package_run_dependencies/ros1_bridge\n'}
[393.774388] (ros1_bridge) StdoutLine: {'line': b'-- Installing: /ros-humble-ros1-bridge/install/ros1_bridge/share/ament_index/resource_index/parent_prefix_path/ros1_bridge\n'}
[393.774836] (ros1_bridge) StdoutLine: {'line': b'-- Installing: /ros-humble-ros1-bridge/install/ros1_bridge/share/ros1_bridge/environment/ament_prefix_path.sh\n'}
[393.775187] (ros1_bridge) StdoutLine: {'line': b'-- Installing: /ros-humble-ros1-bridge/install/ros1_bridge/share/ros1_bridge/environment/ament_prefix_path.dsv\n'}
[393.775586] (ros1_bridge) StdoutLine: {'line': b'-- Installing: /ros-humble-ros1-bridge/install/ros1_bridge/share/ros1_bridge/environment/path.sh\n'}
[393.775828] (ros1_bridge) StdoutLine: {'line': b'-- Installing: /ros-humble-ros1-bridge/install/ros1_bridge/share/ros1_bridge/environment/path.dsv\n'}
[393.776155] (ros1_bridge) StdoutLine: {'line': b'-- Installing: /ros-humble-ros1-bridge/install/ros1_bridge/share/ros1_bridge/local_setup.bash\n'}
[393.776484] (ros1_bridge) StdoutLine: {'line': b'-- Installing: /ros-humble-ros1-bridge/install/ros1_bridge/share/ros1_bridge/local_setup.sh\n'}
[393.777057] (ros1_bridge) StdoutLine: {'line': b'-- Installing: /ros-humble-ros1-bridge/install/ros1_bridge/share/ros1_bridge/local_setup.zsh\n'}
[393.777393] (ros1_bridge) StdoutLine: {'line': b'-- Installing: /ros-humble-ros1-bridge/install/ros1_bridge/share/ros1_bridge/local_setup.dsv\n'}
[393.777741] (ros1_bridge) StdoutLine: {'line': b'-- Installing: /ros-humble-ros1-bridge/install/ros1_bridge/share/ros1_bridge/package.dsv\n'}
[393.778112] (ros1_bridge) StdoutLine: {'line': b'-- Installing: /ros-humble-ros1-bridge/install/ros1_bridge/share/ament_index/resource_index/packages/ros1_bridge\n'}
[393.778354] (ros1_bridge) StdoutLine: {'line': b'-- Installing: /ros-humble-ros1-bridge/install/ros1_bridge/share/ros1_bridge/cmake/find_ros1_package.cmake\n'}
[393.778564] (ros1_bridge) StdoutLine: {'line': b'-- Installing: /ros-humble-ros1-bridge/install/ros1_bridge/share/ros1_bridge/cmake/find_ros1_interface_packages.cmake\n'}
[393.778872] (ros1_bridge) StdoutLine: {'line': b'-- Installing: /ros-humble-ros1-bridge/install/ros1_bridge/share/ros1_bridge/cmake/ament_cmake_export_include_directories-extras.cmake\n'}
[393.779172] (ros1_bridge) StdoutLine: {'line': b'-- Installing: /ros-humble-ros1-bridge/install/ros1_bridge/share/ros1_bridge/cmake/ament_cmake_export_libraries-extras.cmake\n'}
[393.779442] (ros1_bridge) StdoutLine: {'line': b'-- Installing: /ros-humble-ros1-bridge/install/ros1_bridge/share/ros1_bridge/cmake/ros1_bridgeConfig.cmake\n'}
[393.779755] (ros1_bridge) StdoutLine: {'line': b'-- Installing: /ros-humble-ros1-bridge/install/ros1_bridge/share/ros1_bridge/cmake/ros1_bridgeConfig-version.cmake\n'}
[393.779991] (ros1_bridge) StdoutLine: {'line': b'-- Installing: /ros-humble-ros1-bridge/install/ros1_bridge/share/ros1_bridge/package.xml\n'}
[393.780360] (ros1_bridge) StdoutLine: {'line': b'-- Installing: /ros-humble-ros1-bridge/install/ros1_bridge/lib/ros1_bridge/simple_bridge_1_to_2\n'}
[393.781758] (ros1_bridge) StdoutLine: {'line': b'-- Set runtime path of "/ros-humble-ros1-bridge/install/ros1_bridge/lib/ros1_bridge/simple_bridge_1_to_2" to ""\n'}
[393.781877] (ros1_bridge) StdoutLine: {'line': b'-- Installing: /ros-humble-ros1-bridge/install/ros1_bridge/lib/ros1_bridge/simple_bridge_2_to_1\n'}
[393.783905] (ros1_bridge) StdoutLine: {'line': b'-- Set runtime path of "/ros-humble-ros1-bridge/install/ros1_bridge/lib/ros1_bridge/simple_bridge_2_to_1" to ""\n'}
[393.784021] (ros1_bridge) StdoutLine: {'line': b'-- Installing: /ros-humble-ros1-bridge/install/ros1_bridge/lib/ros1_bridge/simple_bridge\n'}
[393.786108] (ros1_bridge) StdoutLine: {'line': b'-- Set runtime path of "/ros-humble-ros1-bridge/install/ros1_bridge/lib/ros1_bridge/simple_bridge" to ""\n'}
[393.786344] (ros1_bridge) StdoutLine: {'line': b'-- Installing: /ros-humble-ros1-bridge/install/ros1_bridge/lib/libros1_bridge.so\n'}
[393.794421] (-) TimerEvent: {}
[393.867699] (ros1_bridge) StdoutLine: {'line': b'-- Set runtime path of "/ros-humble-ros1-bridge/install/ros1_bridge/lib/libros1_bridge.so" to ""\n'}
[393.867921] (ros1_bridge) StdoutLine: {'line': b'-- Installing: /ros-humble-ros1-bridge/install/ros1_bridge/lib/ros1_bridge/static_bridge\n'}
[393.868144] (ros1_bridge) StdoutLine: {'line': b'-- Set runtime path of "/ros-humble-ros1-bridge/install/ros1_bridge/lib/ros1_bridge/static_bridge" to ""\n'}
[393.868310] (ros1_bridge) StdoutLine: {'line': b'-- Installing: /ros-humble-ros1-bridge/install/ros1_bridge/lib/ros1_bridge/action_bridge\n'}
[393.868846] (ros1_bridge) StdoutLine: {'line': b'-- Set runtime path of "/ros-humble-ros1-bridge/install/ros1_bridge/lib/ros1_bridge/action_bridge" to ""\n'}
[393.868958] (ros1_bridge) StdoutLine: {'line': b'-- Installing: /ros-humble-ros1-bridge/install/ros1_bridge/lib/ros1_bridge/parameter_bridge\n'}
[393.869370] (ros1_bridge) StdoutLine: {'line': b'-- Set runtime path of "/ros-humble-ros1-bridge/install/ros1_bridge/lib/ros1_bridge/parameter_bridge" to ""\n'}
[393.869491] (ros1_bridge) StdoutLine: {'line': b'-- Installing: /ros-humble-ros1-bridge/install/ros1_bridge/lib/ros1_bridge/dynamic_bridge\n'}
[393.870078] (ros1_bridge) StdoutLine: {'line': b'-- Set runtime path of "/ros-humble-ros1-bridge/install/ros1_bridge/lib/ros1_bridge/dynamic_bridge" to ""\n'}
[393.870188] (ros1_bridge) StdoutLine: {'line': b'-- Installing: /ros-humble-ros1-bridge/install/ros1_bridge/lib/ros1_bridge/test_ros2_client_cpp\n'}
[393.870863] (ros1_bridge) StdoutLine: {'line': b'-- Set runtime path of "/ros-humble-ros1-bridge/install/ros1_bridge/lib/ros1_bridge/test_ros2_client_cpp" to ""\n'}
[393.871073] (ros1_bridge) StdoutLine: {'line': b'-- Installing: /ros-humble-ros1-bridge/install/ros1_bridge/lib/ros1_bridge/test_ros2_server_cpp\n'}
[393.871787] (ros1_bridge) StdoutLine: {'line': b'-- Set runtime path of "/ros-humble-ros1-bridge/install/ros1_bridge/lib/ros1_bridge/test_ros2_server_cpp" to ""\n'}
[393.871886] (ros1_bridge) StdoutLine: {'line': b'-- Installing: /ros-humble-ros1-bridge/install/ros1_bridge/lib/ros1_bridge/generate_factories/ros1_bridge_generate_factories\n'}
[393.872097] (ros1_bridge) StdoutLine: {'line': b'-- Up-to-date: /ros-humble-ros1-bridge/install/ros1_bridge/share/ros1_bridge/cmake\n'}
[393.872328] (ros1_bridge) StdoutLine: {'line': b'-- Up-to-date: /ros-humble-ros1-bridge/install/ros1_bridge/share/ros1_bridge/cmake/find_ros1_interface_packages.cmake\n'}
[393.872545] (ros1_bridge) StdoutLine: {'line': b'-- Up-to-date: /ros-humble-ros1-bridge/install/ros1_bridge/share/ros1_bridge/cmake/find_ros1_package.cmake\n'}
[393.872604] (ros1_bridge) StdoutLine: {'line': b'-- Installing: /ros-humble-ros1-bridge/install/ros1_bridge/include\n'}
[393.872658] (ros1_bridge) StdoutLine: {'line': b'-- Installing: /ros-humble-ros1-bridge/install/ros1_bridge/include/ros1_bridge\n'}
[393.872793] (ros1_bridge) StdoutLine: {'line': b'-- Installing: /ros-humble-ros1-bridge/install/ros1_bridge/include/ros1_bridge/factory.hpp\n'}
[393.872849] (ros1_bridge) StdoutLine: {'line': b'-- Installing: /ros-humble-ros1-bridge/install/ros1_bridge/include/ros1_bridge/bridge.hpp\n'}
[393.872999] (ros1_bridge) StdoutLine: {'line': b'-- Installing: /ros-humble-ros1-bridge/install/ros1_bridge/include/ros1_bridge/convert_decl.hpp\n'}
[393.873126] (ros1_bridge) StdoutLine: {'line': b'-- Installing: /ros-humble-ros1-bridge/install/ros1_bridge/include/ros1_bridge/builtin_interfaces_factories.hpp\n'}
[393.873255] (ros1_bridge) StdoutLine: {'line': b'-- Installing: /ros-humble-ros1-bridge/install/ros1_bridge/include/ros1_bridge/factory_interface.hpp\n'}
[393.873397] (ros1_bridge) StdoutLine: {'line': b'-- Installing: /ros-humble-ros1-bridge/install/ros1_bridge/include/ros1_bridge/convert_builtin_interfaces.hpp\n'}
[393.873580] (ros1_bridge) StdoutLine: {'line': b'-- Installing: /ros-humble-ros1-bridge/install/ros1_bridge/include/ros1_bridge/action_factory.hpp\n'}
[393.873805] (ros1_bridge) StdoutLine: {'line': b'-- Installing: /ros-humble-ros1-bridge/install/ros1_bridge/share/ros1_bridge/resource\n'}
[393.873990] (ros1_bridge) StdoutLine: {'line': b'-- Installing: /ros-humble-ros1-bridge/install/ros1_bridge/share/ros1_bridge/resource/get_mappings.cpp.em\n'}
[393.874150] (ros1_bridge) StdoutLine: {'line': b'-- Installing: /ros-humble-ros1-bridge/install/ros1_bridge/share/ros1_bridge/resource/pkg_factories.hpp.em\n'}
[393.874315] (ros1_bridge) StdoutLine: {'line': b'-- Installing: /ros-humble-ros1-bridge/install/ros1_bridge/share/ros1_bridge/resource/interface_factories.cpp.em\n'}
[393.874529] (ros1_bridge) StdoutLine: {'line': b'-- Installing: /ros-humble-ros1-bridge/install/ros1_bridge/share/ros1_bridge/resource/get_factory.cpp.em\n'}
[393.874682] (ros1_bridge) StdoutLine: {'line': b'-- Installing: /ros-humble-ros1-bridge/install/ros1_bridge/share/ros1_bridge/resource/pkg_factories.cpp.em\n'}
[393.879028] (ros1_bridge) CommandEnded: {'returncode': 0}
[393.894819] (-) TimerEvent: {}
[393.946694] (ros1_bridge) JobEnded: {'identifier': 'ros1_bridge', 'rc': 0}
[393.949376] (-) EventReactorShutdown: {}
